,dimension 0,dimension 1
Landscapes,16.0,58.666666666666664
Silhouettes,0.0,58.666666666666664
Descriptors,0.0,58.666666666666664
Bottleneck,0.0,64.0
