,dimension 0,dimension 1
Landscapes,0.7365079365079364,0.7571428571428572
Silhouettes,0.0,0.7523809523809525
Descriptors,0.0,0.7523809523809525
Bottleneck,0.0,1.0
