,dimension 0,dimension 1
Landscapes,0.8876923076923079,0.6384615384615384
Silhouettes,0.0,0.6369230769230769
Descriptors,0.0,0.6369230769230769
Bottleneck,0.0,1.0
