,dimension 0,dimension 1
Landscapes,0.884782608695652,0.575
Silhouettes,0.0,0.5619565217391304
Descriptors,0.0,0.5619565217391304
Bottleneck,0.0,1.0
