,Clean Channels,N. trials,M0,M1,M2,captured variance after PCA,N. trials w/o Outliers ,M0 w/o Outliers ,M1 w/o Outliers ,M2 w/o Outliers ,test size
gamma1,42.0,648.0,216.0,324.0,108.0,0.8625476758263345,629.0,204.0,319.0,106.0,21.200000000000003
gamma2,42.0,648.0,216.0,108.0,324.0,0.7668343921786293,634.0,212.0,105.0,317.0,21.0
beta1,42.0,648.0,216.0,324.0,108.0,0.7723824242653391,634.0,214.0,314.0,106.0,21.200000000000003
beta2,42.0,648.0,216.0,108.0,324.0,0.7326456941063334,634.0,209.0,108.0,317.0,21.6
alpha1,42.0,648.0,216.0,324.0,108.0,0.8348815707704523,635.0,213.0,317.0,105.0,21.0
alpha2,42.0,648.0,216.0,108.0,324.0,0.8214011660610986,638.0,209.0,108.0,321.0,21.6
noFilter1,42.0,648.0,216.0,324.0,108.0,0.9394711048397418,645.0,216.0,321.0,108.0,21.6
noFilter2,42.0,648.0,216.0,108.0,324.0,0.6622285694704422,634.0,208.0,106.0,320.0,21.200000000000003
