,M0 dimension 0,M1 dimension 0,M2 dimension 0,M0 dimension 1,M1 dimension 1,M1 dimension 2
Motivational state 0,0.0,4.408276716362598,7.258728939875459,0.0,0.07431930021451949,0.061220695582355766
Motivational state 1,4.408276716362598,0.0,4.400793411146365,0.07431930021451949,0.0,0.06196966679319926
Motivational state 2,7.258728939875459,4.400793411146365,0.0,0.061220695582355766,0.06196966679319926,0.0
