,M0 dimension 0,M1 dimension 0,M2 dimension 0,M0 dimension 1,M1 dimension 1,M1 dimension 2
Motivational state 0,0.0,6.251030218525154,6.480977016742987,0.0,0.10393520334626372,0.15600875742627718
Motivational state 1,6.251030218525154,0.0,1.5090257930261197,0.10393520334626372,0.0,0.15600875742627718
Motivational state 2,6.480977016742987,1.5090257930261197,0.0,0.15600875742627718,0.15600875742627718,0.0
