,dimension 0,dimension 1
Landscapes,0.8876923076923079,0.6615384615384616
Silhouettes,0.0,0.6615384615384616
Descriptors,0.0,0.6615384615384616
Bottleneck,0.0,1.0
