,dimension 0,dimension 1
Landscapes,0.9076923076923078,0.4123076923076924
Silhouettes,0.0,0.4046153846153846
Descriptors,0.0,0.4046153846153846
Bottleneck,0.0,1.0
