,dimension 0,dimension 1
Landscapes,31.666666666666668,49.333333333333336
Silhouettes,0.0,48.666666666666664
Descriptors,0.0,48.666666666666664
Bottleneck,0.0,62.0
