,dimension 0,dimension 1
Landscapes,0.7338461538461539,0.5476923076923077
Silhouettes,0.0,0.5461538461538462
Descriptors,0.0,0.5461538461538462
Bottleneck,0.0,0.0
