,dimension 0,dimension 1
Landscapes,0.8370967741935484,0.7241935483870968
Silhouettes,0.0,0.7209677419354839
Descriptors,0.0,0.7209677419354839
Bottleneck,0.0,0.7887096774193549
