,dimension 0,dimension 1
Landscapes,0.9295081967213115,0.3204918032786885
Silhouettes,0.0,0.2573770491803279
Descriptors,0.0,0.2573770491803279
Bottleneck,0.0,0.0
