,dimension 0,dimension 1
Landscapes,0.9084033613445379,0.6016806722689075
Silhouettes,0.0,0.5949579831932773
Descriptors,0.0,0.5949579831932773
Bottleneck,0.0,1.0
