,dimension 0,dimension 1
Landscapes,0.823076923076923,0.8092307692307692
Silhouettes,0.0,0.8092307692307692
Descriptors,0.0,0.8092307692307692
Bottleneck,0.0,1.0
