,M0 dimension 0,M1 dimension 0,M2 dimension 0,M0 dimension 1,M1 dimension 1,M1 dimension 2
alpha Motivational state 0,0.0,20.25501157570251,31.12632400714528,0.0,0.17608880815422978,0.17608880815422978
alpha Motivational state 1,20.25501157570251,0.0,13.161841146776588,0.17608880815422978,0.0,0.10704926236147827
alpha Motivational state 2,31.12632400714528,13.161841146776588,0.0,0.17608880815422978,0.10704926236147827,0.0
betta Motivational state 0,0.0,29.562331297101778,26.965715578646943,0.0,0.14185798059783927,0.14185798059783927
betta Motivational state 1,29.562331297101778,0.0,9.89758393645267,0.14185798059783927,0.0,0.08995167241905833
betta Motivational state 2,26.965715578646943,9.89758393645267,0.0,0.14185798059783927,0.08995167241905833,0.0
gamma Motivational state 0,0.0,33.95959367165487,44.30140851101751,0.0,0.19727945344849118,0.19727945344849118
gamma Motivational state 1,33.95959367165487,0.0,23.466862571474074,0.19727945344849118,0.0,0.10513989427854398
gamma Motivational state 2,44.30140851101751,23.466862571474074,0.0,0.19727945344849118,0.10513989427854398,0.0
