,Avg. life dim0,Avg. life dim1,std lifelife dim0,stdlife dim1,Avg. midlife dim0,Avg. midlife dim1,std midlifelife dim0,stdmidlife dim1
Motivational state 0,1.6477760143235332,0.023716931344897392,1.4148428481371373,0.019727225869422653,0.8238880071617666,1.461226002937861,0.7074214240685687,0.23055229413892725
Motivational state 1,1.9922670476743014,0.026807990996843646,1.062913441356825,0.022967872783812713,0.9961335238371507,1.8311318883226346,0.5314567206784125,0.30635882012285764
Motivational state 2,1.8664027279378193,0.028604499526007503,0.77820135509944,0.02523899923666812,0.9332013639689096,1.802252291527579,0.38910067754972,0.26469483967776813
