,Avg. life dim0,Avg. life dim1,Avg. midlife dim0,Avg. midlife dim1
Motivational state 0,1.6477760143235332,0.023716931344897392,0.8238880071617666,1.461226002937861
Motivational state 1,1.9922670476743014,0.026807990996843646,0.9961335238371507,1.8311318883226346
Motivational state 2,1.8664027279378193,0.028604499526007503,0.9332013639689096,1.802252291527579
