,Avg. life dim0,Avg. life dim1,std lifedim0,stdlife dim1,Avg. midlife dim0,Avg. midlife dim1,std midlifedim0,stdmidlife dim1
alpha Motivational state 0,11.70486647678796,0.0877104033800282,7.548933466349769,0.07349453221365237,5.85243323839398,10.170100337856388,3.7744667331748847,1.2166654539669952
alpha Motivational state 1,17.209490674170176,0.0671261278529498,6.151782397365284,0.059183353716468906,8.604745337085088,14.625325141355756,3.075891198682642,2.485926890607349
alpha Motivational state 2,20.20369211716128,0.0351039388421223,5.351714488250248,0.030158989739909537,10.10184605858064,14.931881161382456,2.675857244125124,0.18952054002033383
betta Motivational state 0,11.051266716189659,0.08210194057151758,5.529697235134523,0.06764551878497425,5.525633358094829,10.091975807310485,2.7648486175672615,1.7172097185285615
betta Motivational state 1,17.165396707720106,0.07755312552937513,4.5331792119121515,0.05074574954214281,8.582698353860053,14.603169427619726,2.2665896059560757,1.840234510813436
betta Motivational state 2,19.292440388163566,0.10154175430451495,4.933679305162858,0.06761571112532065,9.646220194081783,15.732250305161267,2.466839652581429,0.2681236393892313
gamma Motivational state 0,10.783624011818386,0.09285314554752791,8.488210677104274,0.08193600247164591,5.391812005909193,9.322263601800781,4.244105338552137,0.8087013733606351
gamma Motivational state 1,16.604175264592172,0.05103443805679479,6.663688676983177,0.05739343908503428,8.302087632296086,14.208866340685173,3.3318443384915883,2.88096267661715
gamma Motivational state 2,20.146801765093866,0.09744311468026308,6.294669022541033,0.08384916014304723,10.073400882546933,19.293916168969265,3.1473345112705164,2.8213343475929227
