,Avg. life dim0,Avg. life dim1,std lifedim0,stdlife dim1,Avg. midlife dim0,Avg. midlife dim1,std midlifedim0,stdmidlife dim1
alpha Motivational state 0,2.67145992066972,0.1800301676239136,1.6290895074693,0.13258171936710997,1.33572996033486,2.8272616172823755,0.81454475373465,0.6987671896080677
alpha Motivational state 1,2.1620562907239775,0.11466159505430133,0.9004825502066336,0.12009210608941118,1.0810281453619888,2.387125529246133,0.4502412751033168,0.24903275456861254
alpha Motivational state 2,2.528255180117671,0.15463444715335936,0.7188264495117209,0.08817205513468154,1.2641275900588356,3.2790390253589736,0.35941322475586046,0.6445199812379262
betta Motivational state 0,3.9360535833541777,0.3900833479388229,1.978732148245976,0.26171344652495726,1.9680267916770888,3.950719123139185,0.989366074122988,0.5582502228345674
betta Motivational state 1,3.4944594178081805,0.20218825137125362,1.3180642776988887,0.18375811082106078,1.7472297089040902,3.807337159044718,0.6590321388494443,0.5160726682134453
betta Motivational state 2,3.840779576498047,0.3234491474599683,1.388929189025113,0.26408099305501026,1.9203897882490235,4.565052708428285,0.6944645945125565,0.53207106853992
gamma Motivational state 0,5.645899416213575,0.17918676962607463,2.7187882971341364,0.12571003154039403,2.8229497081067874,5.3411432752917385,1.3593941485670682,0.9667959632498359
gamma Motivational state 1,5.066896564427508,0.18143782663584096,2.185386939197349,0.20632542787376568,2.533448282213754,5.497129070983857,1.0926934695986745,1.1430909404617262
gamma Motivational state 2,6.026891742312703,0.2549888852099727,2.9108362175526517,0.13004618687422978,3.0134458711563514,5.902639691151076,1.4554181087763258,1.1531923826386605
