,dimension 0,dimension 1
Landscapes,0.8365079365079364,0.5888888888888888
Silhouettes,0.0,0.5857142857142856
Descriptors,0.0,0.5857142857142856
Bottleneck,0.0,0.0
