,Avg. life dim0,Avg. life dim1,std lifelife dim0,stdlife dim1,Avg. midlife dim0,Avg. midlife dim1,std midlifelife dim0,stdmidlife dim1
Motivational state 0,0.3099092240358976,0.004919891689001751,0.21612220158038034,0.011022980137111435,0.1549546120179488,0.2785739341266356,0.10806110079019017,0.16809283041711243
Motivational state 1,0.35356070441113524,0.007134395031281378,0.23176217905860588,0.01931154932609436,0.17678035220556762,0.3333936730679879,0.11588108952930294,0.22124593909117504
Motivational state 2,0.35482296563521765,0.007292320551274838,0.204151151123684,0.019843438731009532,0.17741148281760882,0.33060457530981924,0.102075575561842,0.1756789414526934
