,M0 dimension 0,M1 dimension 0,M2 dimension 0,M0 dimension 1,M1 dimension 1,M1 dimension 2
alpha Motivational state 0,0.0,3.0641877518322653,3.154001097821804,0.0,0.2149362295332975,0.32759121127958757
alpha Motivational state 1,3.0641877518322653,0.0,2.0576846344321558,0.2149362295332975,0.0,0.32759121127958757
alpha Motivational state 2,3.154001097821804,2.0576846344321558,0.0,0.32759121127958757,0.32759121127958757,0.0
betta Motivational state 0,0.0,3.6792822551310627,6.399970696755133,0.0,0.09958193998453613,0.09958193998453613
betta Motivational state 1,3.6792822551310627,0.0,3.1110747558826466,0.09958193998453613,0.0,0.022332528625803594
betta Motivational state 2,6.399970696755133,3.1110747558826466,0.0,0.09958193998453613,0.022332528625803594,0.0
gamma Motivational state 0,0.0,3.568090065991921,2.638411900146039,0.0,0.34965959796882906,0.24180125491115234
gamma Motivational state 1,3.568090065991921,0.0,1.733608061428857,0.34965959796882906,0.0,0.34965959796882906
gamma Motivational state 2,2.638411900146039,1.733608061428857,0.0,0.24180125491115234,0.34965959796882906,0.0
