,Clean Channels,N. trials,M0,M1,M2,captured variance after PCA,N. trials w/o Outliers ,M0 w/o Outliers ,M1 w/o Outliers ,M2 w/o Outliers ,test size
gamma1,43.0,648.0,216.0,216.0,216.0,0.7448929990442554,622.0,195.0,214.0,213.0,0.0
gamma2,43.0,648.0,216.0,216.0,216.0,0.7784384093215211,635.0,212.0,212.0,211.0,0.0
beta1,43.0,648.0,216.0,216.0,216.0,0.6472789727018096,628.0,204.0,211.0,213.0,0.0
beta2,43.0,648.0,216.0,216.0,216.0,0.7415272857071379,638.0,212.0,212.0,214.0,0.0
alpha1,43.0,648.0,216.0,216.0,216.0,0.5264652799388765,637.0,207.0,215.0,215.0,0.0
alpha2,43.0,648.0,216.0,216.0,216.0,0.8397044091704013,647.0,216.0,215.0,216.0,0.0
noFilter1,43.0,648.0,216.0,216.0,216.0,0.47506542009063024,629.0,207.0,210.0,212.0,0.0
noFilter2,43.0,648.0,216.0,216.0,216.0,0.8331476159798012,641.0,213.0,214.0,214.0,0.0
