,dimension 0,dimension 1
Landscapes,0.861290322580645,0.4758064516129032
Silhouettes,0.0,0.4741935483870968
Descriptors,0.0,0.4741935483870968
Bottleneck,0.0,1.0
