,dimension 0,dimension 1
Landscapes,0.9107438016528928,0.7000000000000001
Silhouettes,0.0,0.6950413223140496
Descriptors,0.0,0.6950413223140496
Bottleneck,0.0,1.0
