,dimension 0,dimension 1
Landscapes,0.8569230769230769,0.41692307692307695
Silhouettes,0.0,0.4107692307692307
Descriptors,0.0,0.4107692307692307
Bottleneck,0.0,0.9800000000000001
