,dimension 0,dimension 1
Landscapes,0.058535511234377204,0.029999322120031365
Silhouettes,0.0,0.029175168277143095
Descriptors,0.0,0.029175168277143095
Bottleneck,0.0,0.007408175238338246
