,dimension 0,dimension 1
Landscapes,0.06416852777035031,0.03696287506019989
Silhouettes,0.0,0.03671154006636786
Descriptors,0.0,0.03671154006636786
Bottleneck,0.0,0.0
