,dimension 0,dimension 1
Landscapes,0.1794678493513555,0.09052662155468058
Silhouettes,0.0,0.08739791430007311
Descriptors,0.0,0.08739791430007311
Bottleneck,0.0,0.06918383345237342
