,dimension 0,dimension 1
Landscapes,0.040472455110653394,0.025207822982243642
Silhouettes,0.0,0.025095741716080113
Descriptors,0.0,0.025095741716080113
Bottleneck,0.0,0.0
