,dimension 0,dimension 1
Landscapes,0.3133825191750296,0.1928346771604064
Silhouettes,0.0,0.18851915924167267
Descriptors,0.0,0.18851915924167267
Bottleneck,0.0,0.07384338038989724
