,dimension 0,dimension 1
Landscapes,0.04869160617666735,0.036525341093923115
Silhouettes,0.0,0.036265644638213135
Descriptors,0.0,0.036265644638213135
Bottleneck,0.0,0.04205099700978243
