,dimension 0,dimension 1
Landscapes,0.06936741922957088,0.026743111893114905
Silhouettes,0.0,0.024487228141531685
Descriptors,0.0,0.024487228141531685
Bottleneck,0.0,0.0
