,dimension 0,dimension 1
Landscapes,0.7862217851322909,0.5314875310595155
Silhouettes,0.0,0.5241302623014685
Descriptors,0.0,0.5241302623014685
Bottleneck,0.0,0.010311284046692603
