,dimension 0,dimension 1
Landscapes,0.07959048588504354,0.033320888287740054
Silhouettes,0.0,0.028804041227919255
Descriptors,0.0,0.028804041227919255
Bottleneck,0.0,0.0
