,dimension 0,dimension 1
Landscapes,0.27985366851459326,0.13814533301511636
Silhouettes,0.0,0.1312112232890993
Descriptors,0.0,0.1312112232890993
Bottleneck,0.0,0.07692544670363524
