,dimension 0,dimension 1
Landscapes,0.052404705110143446,0.03121548473459174
Silhouettes,0.0,0.030881489276284677
Descriptors,0.0,0.030881489276284677
Bottleneck,0.0,0.00890230926860025
