,dimension 0,dimension 1
Landscapes,0.05439740385978551,0.03248033957242982
Silhouettes,0.0,0.0318418341351485
Descriptors,0.0,0.0318418341351485
Bottleneck,0.0,0.04251151005933851
