,dimension 0,dimension 1
Landscapes,0.0460539421364103,0.031055311986322658
Silhouettes,0.0,0.03046324069304362
Descriptors,0.0,0.03046324069304362
Bottleneck,0.0,0.051525935511700635
