,dimension 0,dimension 1
Landscapes,0.3821709360097871,0.2866207141608797
Silhouettes,0.0,0.28438106079385284
Descriptors,0.0,0.28438106079385284
Bottleneck,0.0,0.34926779160469523
