,dimension 0,dimension 1
Landscapes,0.06184789497599306,0.0278394582036888
Silhouettes,0.0,0.026137773928072813
Descriptors,0.0,0.026137773928072813
Bottleneck,0.0,0.0532378142997612
