,dimension 0,dimension 1
Landscapes,0.05251662828879547,0.05004371600951345
Silhouettes,0.0,0.04987783721931012
Descriptors,0.0,0.04987783721931012
Bottleneck,0.0,0.0531786318588349
