,dimension 0,dimension 1
Landscapes,0.8535999999999999,0.4224
Silhouettes,0.0,0.38719999999999993
Descriptors,0.0,0.38719999999999993
Bottleneck,0.0,1.0
