,dimension 0,dimension 1
Landscapes,0.8817460317460318,0.4007936507936508
Silhouettes,0.0,0.3095238095238096
Descriptors,0.0,0.3095238095238096
Bottleneck,0.0,0.0
