,dimension 0,dimension 1
Landscapes,0.31746031746031744,0.8746031746031747
Silhouettes,0.0,0.8730158730158731
Descriptors,0.0,0.8730158730158731
Bottleneck,0.0,0.0
