,dimension 0,dimension 1
Landscapes,54.333333333333336,25.0
Silhouettes,0.0,24.666666666666668
Descriptors,0.0,24.666666666666668
Bottleneck,0.0,65.0
