,dimension 0,dimension 1
Landscapes,0.7471074380165291,0.6570247933884297
Silhouettes,0.0,0.6231404958677687
Descriptors,0.0,0.6231404958677687
Bottleneck,0.0,0.0
