,dimension 0,dimension 1
Landscapes,0.9066115702479338,0.6082644628099173
Silhouettes,0.0,0.5975206611570247
Descriptors,0.0,0.5975206611570247
Bottleneck,0.0,1.0
