,dimension 0,dimension 1
Landscapes,0.7953846153846154,0.5430769230769231
Silhouettes,0.0,0.5307692307692308
Descriptors,0.0,0.5307692307692308
Bottleneck,0.0,0.0
