,dimension 0,dimension 1
Landscapes,0.9399999999999998,0.4641666666666667
Silhouettes,0.0,0.45499999999999996
Descriptors,0.0,0.45499999999999996
Bottleneck,0.0,0.19416666666666665
