,dimension 0,dimension 1
Landscapes,0.9261904761904762,0.346031746031746
Silhouettes,0.0,0.32063492063492055
Descriptors,0.0,0.32063492063492055
Bottleneck,0.0,0.0
