,dimension 0,dimension 1
Landscapes,0.9294573643410852,0.4015503875968992
Silhouettes,0.0,0.3674418604651163
Descriptors,0.0,0.3674418604651163
Bottleneck,0.0,0.0
