,dimension 0,dimension 1
Landscapes,0.9405172413793105,0.32672413793103444
Silhouettes,0.0,0.3017241379310345
Descriptors,0.0,0.3017241379310345
Bottleneck,0.0,0.18362068965517242
