,dimension 0,dimension 1
Landscapes,0.924031007751938,0.5
Silhouettes,0.0,0.49767441860465117
Descriptors,0.0,0.49767441860465117
Bottleneck,0.0,0.6945736434108527
