,dimension 0,dimension 1
Landscapes,0.4679245283018868,0.6943396226415095
Silhouettes,0.0,0.6886792452830188
Descriptors,0.0,0.6886792452830188
Bottleneck,0.0,0.9981132075471699
