,dimension 0,dimension 1
Landscapes,0.9327868852459016,0.3024590163934426
Silhouettes,0.0,0.25901639344262295
Descriptors,0.0,0.25901639344262295
Bottleneck,0.0,1.0
