,Clean Channels,N. trials,M0,M1,M2,captured variance after PCA,N. trials w/o Outliers ,M0 w/o Outliers ,M1 w/o Outliers ,M2 w/o Outliers ,test size
gamma1,53.0,648.0,216.0,216.0,216.0,0.8911676175157434,637.0,214.0,210.0,213.0,126.0
gamma2,53.0,648.0,216.0,216.0,216.0,0.9409341041320621,636.0,215.0,207.0,214.0,125.0
beta1,53.0,648.0,216.0,216.0,216.0,0.9373434105658519,644.0,214.0,216.0,214.0,129.0
beta2,53.0,648.0,216.0,216.0,216.0,0.9632554899445237,635.0,214.0,206.0,215.0,124.0
alpha1,53.0,648.0,216.0,216.0,216.0,0.9771910137725829,643.0,214.0,216.0,213.0,128.0
alpha2,53.0,648.0,216.0,216.0,216.0,0.9748290213455234,635.0,213.0,207.0,215.0,125.0
noFilter1,53.0,648.0,216.0,216.0,216.0,0.9020149843752208,644.0,216.0,216.0,212.0,128.0
noFilter2,53.0,648.0,216.0,216.0,216.0,0.8894266121783602,640.0,213.0,214.0,213.0,128.0
