,M0 dimension 0,M1 dimension 0,M2 dimension 0,M0 dimension 1,M1 dimension 1,M1 dimension 2
Motivational state 0,0.0,0.42395760760570855,3.1105542627508598,0.0,0.05464117970330051,0.05464117970330051
Motivational state 1,0.42395760760570855,0.0,3.3225330665537145,0.05464117970330051,0.0,0.03796261746653623
Motivational state 2,3.1105542627508598,3.3225330665537145,0.0,0.05464117970330051,0.03796261746653623,0.0
