,M0 dimension 0,M1 dimension 0,M2 dimension 0,M0 dimension 1,M1 dimension 1,M1 dimension 2
Motivational state 0,0.0,2.741818165904064,14.127248573026208,0.0,0.1337535249734909,0.1337535249734909
Motivational state 1,2.741818165904064,0.0,16.86906673893027,0.1337535249734909,0.0,0.0896626945190988
Motivational state 2,14.127248573026208,16.86906673893027,0.0,0.1337535249734909,0.0896626945190988,0.0
