,dimension 0,dimension 1
Landscapes,0.8953846153846156,0.3830769230769231
Silhouettes,0.0,0.37846153846153846
Descriptors,0.0,0.37846153846153846
Bottleneck,0.0,0.0
