,dimension 0,dimension 1
Landscapes,0.5938461538461539,0.6138461538461538
Silhouettes,0.0,0.6076923076923076
Descriptors,0.0,0.6076923076923076
Bottleneck,0.0,0.0
