,dimension 0,dimension 1
Landscapes,0.9427350427350427,0.4452991452991453
Silhouettes,0.0,0.4299145299145299
Descriptors,0.0,0.4299145299145299
Bottleneck,0.0,0.0
