,dimension 0,dimension 1
Landscapes,0.8661290322580644,0.7580645161290323
Silhouettes,0.0,0.7580645161290323
Descriptors,0.0,0.7580645161290323
Bottleneck,0.0,0.0
