,dimension 0,dimension 1
Landscapes,56.0,21.333333333333332
Silhouettes,0.0,21.333333333333332
Descriptors,0.0,21.333333333333332
Bottleneck,0.0,0.0
