,Avg. life dim0,Avg. life dim1,std lifelife dim0,stdlife dim1,Avg. midlife dim0,Avg. midlife dim1,std midlifelife dim0,stdmidlife dim1
Motivational state 0,0.1450536601825809,0.0010049847446882577,0.27172007599662035,0.0007722302574931004,0.07252683009129045,0.10319985575849273,0.13586003799831017,0.038743933326605265
Motivational state 1,0.15440045146578435,0.0014089765038762792,0.2095160939648971,0.001629477969416729,0.07720022573289217,0.13212488657598065,0.10475804698244855,0.055060367629020085
Motivational state 2,0.1554518127606118,0.002029064022431763,0.1503916157815118,0.0020505566076000517,0.0777259063803059,0.1419014787291799,0.0751958078907559,0.048304991778466685
