,Avg. life dim0,Avg. life dim1,Avg. midlife dim0,Avg. midlife dim1
Motivational state 0,0.33990291020383623,0.0038235862187063255,0.16995145510191811,0.30403710497002223
Motivational state 1,0.39893658615923466,0.004360520161385366,0.19946829307961733,0.3631916382235392
Motivational state 2,0.41347602983535975,0.005271521823073459,0.20673801491767987,0.3814345489808853
