,Avg. life dim0,Avg. life dim1,std lifedim0,stdlife dim1,Avg. midlife dim0,Avg. midlife dim1,std midlifedim0,stdmidlife dim1
Motivational state 0,0.655471399282493,0.017878288326910064,0.2962190215522052,0.009533915533506614,0.3277356996412465,0.6316633019956684,0.1481095107761026,0.1929403492990177
Motivational state 1,0.521239674094947,0.02430441503146045,0.23887292474755414,0.014118277068326312,0.2606198370474735,0.5993346700167721,0.11943646237377707,0.102534861920502
Motivational state 2,0.6411287386877533,0.014150058961745602,0.2904706812681584,0.011839378874407051,0.32056436934387667,0.6605092645143334,0.1452353406340792,0.19037291206677892
