,M0 dimension 0,M1 dimension 0,M2 dimension 0,M0 dimension 1,M1 dimension 1,M1 dimension 2
alpha Motivational state 0,0.0,1.945098376731874,3.6137649618878136,0.0,0.050837111514781874,0.050837111514781874
alpha Motivational state 1,1.945098376731874,0.0,5.5588633386196875,0.050837111514781874,0.0,0.02361064553860759
alpha Motivational state 2,3.6137649618878136,5.5588633386196875,0.0,0.050837111514781874,0.02361064553860759,0.0
betta Motivational state 0,0.0,5.749999423472028,5.527898410579283,0.0,0.02923509823480508,0.02923509823480508
betta Motivational state 1,5.749999423472028,0.0,4.772385674576714,0.02923509823480508,0.0,0.0061977976195439766
betta Motivational state 2,5.527898410579283,4.772385674576714,0.0,0.02923509823480508,0.0061977976195439766,0.0
gamma Motivational state 0,0.0,4.085211461682748,4.392993997063373,0.0,0.033218460197244726,0.033218460197244726
gamma Motivational state 1,4.085211461682748,0.0,2.0358656165629734,0.033218460197244726,0.0,0.01764638593381118
gamma Motivational state 2,4.392993997063373,2.0358656165629734,0.0,0.033218460197244726,0.01764638593381118,0.0
