,dimension 0,dimension 1
Landscapes,0.9391666666666666,0.42333333333333334
Silhouettes,0.0,0.4091666666666667
Descriptors,0.0,0.4091666666666667
Bottleneck,0.0,0.0
