,dimension 0,dimension 1
Landscapes,0.9341269841269841,0.5642857142857143
Silhouettes,0.0,0.5571428571428572
Descriptors,0.0,0.5571428571428572
Bottleneck,0.0,0.7968253968253969
