,dimension 0,dimension 1
Landscapes,0.8646153846153846,0.5015384615384615
Silhouettes,0.0,0.5015384615384615
Descriptors,0.0,0.5015384615384615
Bottleneck,0.0,0.0876923076923077
