,Clean Channels,N. trials,M0,M1,M2,N. trials w/o OL,M0 w/o OL,M1 w/o OL,M2 w/o OL,captured variance,N. trials w/o OL 2,M0 w/o OL 2,M1 w/o OL 2,M2 w/o OL 2
gamma1,53.0,648.0,216.0,216.0,216.0,485.0,189.0,134.0,162.0,0.8819833585905177,471.0,183.0,128.0,160.0
gamma2,53.0,648.0,216.0,216.0,216.0,613.0,211.0,206.0,196.0,0.8827610234985417,579.0,199.0,200.0,180.0
betta1,53.0,648.0,216.0,216.0,216.0,620.0,208.0,204.0,208.0,0.833141174059113,578.0,195.0,183.0,200.0
betta2,53.0,648.0,216.0,216.0,216.0,623.0,211.0,198.0,214.0,0.8540634728182943,584.0,195.0,184.0,205.0
alpha1,53.0,648.0,216.0,216.0,216.0,644.0,214.0,216.0,214.0,0.685388964914571,617.0,214.0,198.0,205.0
alpha2,53.0,648.0,216.0,216.0,216.0,629.0,211.0,203.0,215.0,0.7093078711413882,613.0,202.0,199.0,212.0
noFilter1,53.0,648.0,216.0,216.0,216.0,640.0,215.0,216.0,209.0,0.615584823405704,620.0,209.0,213.0,198.0
noFilter2,53.0,648.0,216.0,216.0,216.0,625.0,209.0,203.0,213.0,0.6623784609812051,604.0,201.0,195.0,208.0
