,dimension 0,dimension 1
Landscapes,0.9169230769230771,0.46461538461538465
Silhouettes,0.0,0.456923076923077
Descriptors,0.0,0.456923076923077
Bottleneck,0.0,0.18153846153846154
