,dimension 0,dimension 1
Landscapes,42.0,52.333333333333336
Silhouettes,0.0,52.333333333333336
Descriptors,0.0,52.333333333333336
Bottleneck,0.0,65.0
