,dimension 0,dimension 1
Landscapes,46.333333333333336,37.333333333333336
Silhouettes,0.0,36.333333333333336
Descriptors,0.0,36.333333333333336
Bottleneck,0.0,19.666666666666668
