,dimension 0,dimension 1
Landscapes,0.9353846153846155,0.3307692307692308
Silhouettes,0.0,0.3261538461538462
Descriptors,0.0,0.3261538461538462
Bottleneck,0.0,0.0
