,dimension 0,dimension 1
Landscapes,0.2,0.9107692307692309
Silhouettes,0.0,0.9107692307692309
Descriptors,0.0,0.9107692307692309
Bottleneck,0.0,1.0
