,dimension 0,dimension 1
Landscapes,0.8584615384615386,0.5615384615384615
Silhouettes,0.0,0.5615384615384615
Descriptors,0.0,0.5615384615384615
Bottleneck,0.0,1.0
