,dimension 0,dimension 1
Landscapes,0.9292682926829269,0.3813008130081301
Silhouettes,0.0,0.356910569105691
Descriptors,0.0,0.356910569105691
Bottleneck,0.0,1.0
