,dimension 0,dimension 1
Landscapes,0.896825396825397,0.3666666666666667
Silhouettes,0.0,0.3380952380952381
Descriptors,0.0,0.3380952380952381
Bottleneck,0.0,0.0
