,dimension 0,dimension 1
Landscapes,0.8935999999999998,0.36239999999999994
Silhouettes,0.0,0.348
Descriptors,0.0,0.348
Bottleneck,0.0,0.0
