,dimension 0,dimension 1
Landscapes,0.7833333333333332,0.6166666666666666
Silhouettes,0.0,0.6166666666666666
Descriptors,0.0,0.6166666666666666
Bottleneck,0.0,0.0
