,Clean Channels,N. trials,M0,M1,M2,captured variance after PCA,N. trials w/o Outliers ,M0 w/o Outliers ,M1 w/o Outliers ,M2 w/o Outliers ,test size
gamma1,49.0,648.0,216.0,324.0,108.0,0.8498083713276976,635.0,216.0,312.0,107.0,65.0
gamma2,49.0,648.0,216.0,108.0,324.0,0.9092657619869261,644.0,215.0,107.0,322.0,65.0
beta1,49.0,648.0,216.0,324.0,108.0,0.9118686123000556,642.0,216.0,318.0,108.0,65.0
beta2,49.0,648.0,216.0,108.0,324.0,0.9561899293700569,645.0,214.0,108.0,323.0,65.0
alpha1,49.0,648.0,216.0,324.0,108.0,0.9659920594472394,645.0,216.0,321.0,108.0,65.0
alpha2,49.0,648.0,216.0,108.0,324.0,0.9582097627491322,644.0,214.0,107.0,323.0,65.0
noFilter1,49.0,648.0,216.0,324.0,108.0,0.9576003833020144,642.0,216.0,318.0,108.0,65.0
noFilter2,49.0,648.0,216.0,108.0,324.0,0.8925455012831265,641.0,214.0,105.0,322.0,63.0
