,dimension 0,dimension 1
Landscapes,0.9173228346456692,0.34724409448818894
Silhouettes,0.0,0.321259842519685
Descriptors,0.0,0.321259842519685
Bottleneck,0.0,0.0
