,dimension 0,dimension 1
Landscapes,0.72,0.6015384615384615
Silhouettes,0.0,0.6015384615384615
Descriptors,0.0,0.6015384615384615
Bottleneck,0.3830769230769231,1.0
