,dimension 0,dimension 1
Landscapes,0.9376,0.376
Silhouettes,0.0,0.35519999999999996
Descriptors,0.0,0.35519999999999996
Bottleneck,0.0,1.0
