,dimension 0,dimension 1
Landscapes,0.8245901639344263,0.5442622950819672
Silhouettes,0.0,0.5360655737704918
Descriptors,0.0,0.5360655737704918
Bottleneck,0.0,0.0
