,dimension 0,dimension 1
Landscapes,0.9373983739837399,0.3861788617886179
Silhouettes,0.0,0.33902439024390246
Descriptors,0.0,0.33902439024390246
Bottleneck,0.7983739837398375,1.0
