,dimension 0,dimension 1
Landscapes,0.8540229885057471,0.5379310344827586
Silhouettes,0.0,0.5229885057471264
Descriptors,0.0,0.5229885057471264
Bottleneck,0.0,0.0
