,dimension 0,dimension 1
Landscapes,0.6266666666666667,0.48999999999999994
Silhouettes,0.0,0.48666666666666664
Descriptors,0.0,0.48666666666666664
Bottleneck,0.0,1.0
