,dimension 0,dimension 1
Landscapes,0.9119658119658121,0.4700854700854701
Silhouettes,0.0,0.45982905982905986
Descriptors,0.0,0.45982905982905986
Bottleneck,0.0,0.0
