,dimension 0,dimension 1
Landscapes,0.8731092436974789,0.6546218487394958
Silhouettes,0.0,0.6319327731092437
Descriptors,0.0,0.6319327731092437
Bottleneck,0.0,0.9983193277310924
