,dimension 0,dimension 1
Landscapes,51.333333333333336,47.333333333333336
Silhouettes,0.0,46.0
Descriptors,0.0,46.0
Bottleneck,0.0,20.666666666666668
