,dimension 0,dimension 1
Landscapes,0.9235772357723576,0.3373983739837398
Silhouettes,0.0,0.2845528455284553
Descriptors,0.0,0.2845528455284553
Bottleneck,0.0,0.0
