,dimension 0,dimension 1
Landscapes,0.6584905660377358,0.5660377358490566
Silhouettes,0.0,0.5641509433962264
Descriptors,0.0,0.5641509433962264
Bottleneck,0.0,0.08679245283018869
