,Clean Channels,N. trials,M0,M1,M2,captured variance after PCA,N. trials w/o Outliers ,M0 w/o Outliers ,M1 w/o Outliers ,M2 w/o Outliers ,test size
gamma1,45.0,432.0,216.0,216.0,0.0,0.8500148065480626,428.0,215.0,213.0,0.0,-1.0
gamma2,45.0,648.0,216.0,216.0,216.0,0.9785025116199548,622.0,209.0,198.0,215.0,119.0
beta1,45.0,432.0,216.0,216.0,0.0,0.917945166028549,428.0,216.0,212.0,0.0,-1.0
beta2,45.0,648.0,216.0,216.0,216.0,0.9898193863040994,618.0,208.0,197.0,213.0,119.0
alpha1,45.0,432.0,216.0,216.0,0.0,0.9257204833902075,427.0,216.0,211.0,0.0,-1.0
alpha2,45.0,648.0,216.0,216.0,216.0,0.992762175162369,623.0,209.0,201.0,213.0,121.0
noFilter1,45.0,432.0,216.0,216.0,0.0,0.9048151324532956,427.0,216.0,211.0,0.0,-1.0
noFilter2,45.0,648.0,216.0,216.0,216.0,0.8984469074516469,625.0,211.0,198.0,216.0,119.0
