,dimension 0,dimension 1
Landscapes,0.9050420168067227,0.6336134453781513
Silhouettes,0.0,0.6327731092436976
Descriptors,0.0,0.6327731092436976
Bottleneck,0.0,1.0
