,dimension 0,dimension 1
Landscapes,0.9317829457364342,0.3263565891472869
Silhouettes,0.0,0.29379844961240315
Descriptors,0.0,0.29379844961240315
Bottleneck,0.0,0.0
