,dimension 0,dimension 1
Landscapes,0.9349593495934959,0.3260162601626016
Silhouettes,0.0,0.2715447154471545
Descriptors,0.0,0.2715447154471545
Bottleneck,0.0,0.0
