,dimension 0,dimension 1
Landscapes,0.9110169491525422,0.6635593220338982
Silhouettes,0.0,0.6610169491525424
Descriptors,0.0,0.6610169491525424
Bottleneck,0.0,1.0
