,dimension 0,dimension 1
Landscapes,0.9030769230769232,0.4061538461538462
Silhouettes,0.0,0.39230769230769236
Descriptors,0.0,0.39230769230769236
Bottleneck,0.0,0.0
