,dimension 0,dimension 1
Landscapes,0.935344827586207,0.4362068965517241
Silhouettes,0.0,0.4206896551724138
Descriptors,0.0,0.4206896551724138
Bottleneck,0.0,1.0
