,dimension 0,dimension 1
Landscapes,0.6246153846153847,0.6353846153846154
Silhouettes,0.0,0.633846153846154
Descriptors,0.0,0.633846153846154
Bottleneck,0.0,1.0
