,dimension 0,dimension 1
Landscapes,0.9094488188976377,0.3188976377952755
Silhouettes,0.0,0.2992125984251968
Descriptors,0.0,0.2992125984251968
Bottleneck,0.0,0.0
