,dimension 0,dimension 1
Landscapes,0.9030769230769232,0.3784615384615385
Silhouettes,0.0,0.37230769230769234
Descriptors,0.0,0.37230769230769234
Bottleneck,0.0,0.0
