,dimension 0,dimension 1
Landscapes,0.9011363636363636,0.5920454545454545
Silhouettes,0.0,0.5886363636363636
Descriptors,0.0,0.5886363636363636
Bottleneck,0.0,0.9977272727272727
