,dimension 0,dimension 1
Landscapes,0.8528455284552846,0.3951219512195122
Silhouettes,0.0,0.38780487804878055
Descriptors,0.0,0.38780487804878055
Bottleneck,0.0,1.0
