,dimension 0,dimension 1
Landscapes,0.9360655737704917,0.5163934426229508
Silhouettes,0.0,0.5040983606557379
Descriptors,0.0,0.5040983606557379
Bottleneck,0.0,0.28114754098360656
