,dimension 0,dimension 1
Landscapes,54.666666666666664,50.0
Silhouettes,0.0,49.666666666666664
Descriptors,0.0,49.666666666666664
Bottleneck,0.0,0.0
