,dimension 0,dimension 1
Landscapes,0.8920634920634919,0.37936507936507935
Silhouettes,0.0,0.37936507936507935
Descriptors,0.0,0.37936507936507935
Bottleneck,0.0,0.0
