,dimension 0,dimension 1
Landscapes,0.5596774193548387,0.7903225806451613
Silhouettes,0.0,0.7870967741935484
Descriptors,0.0,0.7870967741935484
Bottleneck,0.0,1.0
