,dimension 0,dimension 1
Landscapes,0.08793103448275863,0.9206896551724139
Silhouettes,0.0,0.9198275862068966
Descriptors,0.0,0.9198275862068966
Bottleneck,0.0,1.0
