,dimension 0,dimension 1
Landscapes,55.666666666666664,43.333333333333336
Silhouettes,0.0,41.333333333333336
Descriptors,0.0,41.333333333333336
Bottleneck,0.0,0.0
