,dimension 0,dimension 1
Landscapes,57.666666666666664,25.0
Silhouettes,0.0,22.333333333333332
Descriptors,0.0,22.333333333333332
Bottleneck,0.0,65.0
