,dimension 0,dimension 1
Landscapes,0.885483870967742,0.5306451612903226
Silhouettes,0.0,0.5169354838709678
Descriptors,0.0,0.5169354838709678
Bottleneck,0.0,1.0
