,dimension 0,dimension 1
Landscapes,0.5873015873015872,0.8063492063492064
Silhouettes,0.0,0.8047619047619048
Descriptors,0.0,0.8047619047619048
Bottleneck,0.0,1.0
