,M0 dimension 0,M1 dimension 0,M2 dimension 0,M0 dimension 1,M1 dimension 1,M1 dimension 2
Motivational state 0,0.0,0.8108640553991187,0.9702358242364286,0.0,0.014321535212883707,0.014321535212883707
Motivational state 1,0.8108640553991187,0.0,0.7742516860046771,0.014321535212883707,0.0,0.014135965433984155
Motivational state 2,0.9702358242364286,0.7742516860046771,0.0,0.014321535212883707,0.014135965433984155,0.0
