,M0 dimension 0,M1 dimension 0,M2 dimension 0,M0 dimension 1,M1 dimension 1,M1 dimension 2
Motivational state 0,0.0,1.218767571800797,0.8437036506512898,0.0,0.023645088602527453,0.09879853207603317
Motivational state 1,1.218767571800797,0.0,0.7015246372781876,0.023645088602527453,0.0,0.09879853207603317
Motivational state 2,0.8437036506512898,0.7015246372781876,0.0,0.09879853207603317,0.09879853207603317,0.0
