,M0 dimension 0,M1 dimension 0,M2 dimension 0,M0 dimension 1,M1 dimension 1,M1 dimension 2
Motivational state 0,0.0,0.8195095856817212,1.3485496578272964,0.0,0.008970588876382468,0.011496333635275469
Motivational state 1,0.8195095856817212,0.0,0.6068504216378559,0.008970588876382468,0.0,0.011496333635275469
Motivational state 2,1.3485496578272964,0.6068504216378559,0.0,0.011496333635275469,0.011496333635275469,0.0
