,dimension 0,dimension 1
Landscapes,0.9356589147286822,0.41395348837209295
Silhouettes,0.0,0.38914728682170546
Descriptors,0.0,0.38914728682170546
Bottleneck,0.0,0.09069767441860464
