,dimension 0,dimension 1
Landscapes,0.9306451612903226,0.37580645161290327
Silhouettes,0.0,0.3524193548387097
Descriptors,0.0,0.3524193548387097
Bottleneck,0.09919354838709678,1.0
