,Avg. life dim0,Avg. life dim1,std lifedim0,stdlife dim1,Avg. midlife dim0,Avg. midlife dim1,std midlifedim0,stdmidlife dim1
Motivational state 0,2.318399189665865,0.2493298142912066,0.6713244786024252,0.1101636259646209,1.1591995948329326,2.8799327547025566,0.3356622393012126,0.0877769105245131
Motivational state 1,2.452075068133541,0.09139390501802686,0.5975646596083595,0.10351292342037122,1.2260375340667704,3.1126615819758157,0.29878232980417974,0.3126548593163564
Motivational state 2,2.709185475672641,0.1485295043265877,0.8743054762619168,0.11418833099571923,1.3545927378363205,3.388897330803975,0.4371527381309584,0.7695114492793131
