,Avg. life dim0,Avg. life dim1,std lifelife dim0,stdlife dim1,Avg. midlife dim0,Avg. midlife dim1,std midlifelife dim0,stdmidlife dim1
Motivational state 0,1.701195080574934,0.030209874208303282,1.1030610552131064,0.0491177581154714,0.850597540287467,1.540676330646509,0.5515305276065532,0.7635516431640648
Motivational state 1,1.9982501988803587,0.04243072211444086,1.179570694473148,0.10000206226951412,0.9991250994401794,1.8454263350373628,0.589785347236574,0.792179391209294
Motivational state 2,2.0140160674983396,0.03896342805997322,1.0215746808720723,0.07633220198236813,1.0070080337491698,1.8242336258171172,0.5107873404360361,0.6334335396051182
