,M0 dimension 0,M1 dimension 0,M2 dimension 0,M0 dimension 1,M1 dimension 1,M1 dimension 2
alpha Motivational state 0,0.0,16.20515469207536,16.898421244017456,0.0,1.3089617119952273,1.3089617119952273
alpha Motivational state 1,16.20515469207536,0.0,11.20878618036016,1.3089617119952273,0.0,0.9015854651642599
alpha Motivational state 2,16.898421244017456,11.20878618036016,0.0,1.3089617119952273,0.9015854651642599,0.0
betta Motivational state 0,0.0,19.19248480558126,31.05746456996635,0.0,0.3300137817735589,0.3300137817735589
betta Motivational state 1,19.19248480558126,0.0,14.960658167609466,0.3300137817735589,0.0,0.1380941426658282
betta Motivational state 2,31.05746456996635,14.960658167609466,0.0,0.3300137817735589,0.1380941426658282,0.0
gamma Motivational state 0,0.0,18.126105633931743,14.074949843659002,0.0,1.8340695949722914,1.115683078190468
gamma Motivational state 1,18.126105633931743,0.0,9.2402973730645,1.8340695949722914,0.0,1.8340695949722914
gamma Motivational state 2,14.074949843659002,9.2402973730645,0.0,1.115683078190468,1.8340695949722914,0.0
