,M0 dimension 0,M1 dimension 0,M2 dimension 0,M0 dimension 1,M1 dimension 1,M1 dimension 2
alpha Motivational state 0,0.0,0.6049314073555332,1.0420693841266857,0.0,0.1920577164412447,0.1920577164412447
alpha Motivational state 1,0.6049314073555332,0.0,0.8447273270695108,0.1920577164412447,0.0,0.17553982326246365
alpha Motivational state 2,1.0420693841266857,0.8447273270695108,0.0,0.1920577164412447,0.17553982326246365,0.0
betta Motivational state 0,0.0,1.4906447465331762,1.2063743517197603,0.0,0.25179105203669616,0.3184808115797382
betta Motivational state 1,1.4906447465331762,0.0,2.5247305658366272,0.25179105203669616,0.0,0.18763692864240245
betta Motivational state 2,1.2063743517197603,2.5247305658366272,0.0,0.3184808115797382,0.18763692864240245,0.0
gamma Motivational state 0,0.0,1.8317086593040361,6.004946419502467,0.0,0.25336358065008024,0.3161422014761417
gamma Motivational state 1,1.8317086593040361,0.0,6.529772823207573,0.25336358065008024,0.0,0.3161422014761417
gamma Motivational state 2,6.004946419502467,6.529772823207573,0.0,0.3161422014761417,0.3161422014761417,0.0
