,Avg. life dim0,Avg. life dim1,std lifedim0,stdlife dim1,Avg. midlife dim0,Avg. midlife dim1,std midlifedim0,stdmidlife dim1
alpha Motivational state 0,12.275752611747064,0.1518677061125705,7.158124278566747,0.37684239750914894,6.137876305873532,12.135773606737038,3.5790621392833737,7.361521392647756
alpha Motivational state 1,17.246863700472687,0.2993991880394608,8.50856333080215,0.48548806885691176,8.623431850236344,18.873258754237778,4.254281665401075,8.829870862143975
alpha Motivational state 2,21.634005428598265,0.6477664507763846,7.478482652104528,0.75138180332782,10.817002714299132,29.421587798521045,3.739241326052264,12.495996667988909
betta Motivational state 0,12.048955654322272,0.08796176273271221,3.325216126076333,0.13249105984600643,6.024477827161136,10.18168087280891,1.6626080630381666,2.481943287467774
betta Motivational state 1,16.14520183114183,0.12398549621667421,4.767492910258238,0.0,8.072600915570915,12.199526650895358,2.383746455129119,0.0
betta Motivational state 2,21.996531434044076,0.11085610984857878,6.9916580556757095,0.08788979687961695,10.998265717022038,18.14307100625918,3.4958290278378548,0.2253999177124749
gamma Motivational state 0,12.48635913384777,0.1259212270769014,6.502973808432149,0.24924766912827334,6.243179566923885,12.329760244970803,3.2514869042160743,7.120843604159408
gamma Motivational state 1,17.933208624948605,0.3082464766927713,8.579929148040105,0.8717471695218505,8.966604312474303,16.60087477958424,4.289964574020052,9.131678125506944
gamma Motivational state 2,21.958878812789276,0.0872652438527476,6.907015710459838,0.0999894502986829,10.979439406394638,19.641725291747278,3.453507855229919,5.392237929429914
