,Avg. life dim0,Avg. life dim1,std lifelife dim0,stdlife dim1,Avg. midlife dim0,Avg. midlife dim1,std midlifelife dim0,stdmidlife dim1
Motivational state 0,0.8122673397609973,0.010812325184364079,0.37069465917371003,0.00888620409264248,0.40613366988049865,0.7354004147476918,0.18534732958685501,0.08005440538914065
Motivational state 1,0.8048221817874585,0.014707383172100071,0.21604169750461982,0.01256683539242608,0.40241109089372923,0.7943050742186615,0.10802084875230991,0.09556678397096972
Motivational state 2,0.9970714625174681,0.022403670775739373,0.3515193079846593,0.022861290728521555,0.49853573125873407,1.003667019934771,0.17575965399232965,0.2868738106405807
