,M0 dimension 0,M1 dimension 0,M2 dimension 0,M0 dimension 1,M1 dimension 1,M1 dimension 2
alpha Motivational state 0,0.0,0.7099348248089803,0.9015079678460096,0.0,0.07054382372632806,0.15870482300115185
alpha Motivational state 1,0.7099348248089803,0.0,1.1702734391650562,0.07054382372632806,0.0,0.15870482300115185
alpha Motivational state 2,0.9015079678460096,1.1702734391650562,0.0,0.15870482300115185,0.15870482300115185,0.0
betta Motivational state 0,0.0,0.5919561875640742,0.3077870479828788,0.0,0.04803963841760872,0.05319185655580716
betta Motivational state 1,0.5919561875640742,0.0,0.5919561875640742,0.04803963841760872,0.0,0.07381734063587464
betta Motivational state 2,0.3077870479828788,0.5919561875640742,0.0,0.05319185655580716,0.07381734063587464,0.0
gamma Motivational state 0,0.0,3.7953837935510455,2.1081286017616936,0.0,0.13401275149471203,0.2719045340070698
gamma Motivational state 1,3.7953837935510455,0.0,3.170031197591383,0.13401275149471203,0.0,0.2719045340070698
gamma Motivational state 2,2.1081286017616936,3.170031197591383,0.0,0.2719045340070698,0.2719045340070698,0.0
