,M0 dimension 0,M1 dimension 0,M2 dimension 0,M0 dimension 1,M1 dimension 1,M1 dimension 2
alpha Motivational state 0,0.0,14.234181658898475,6.508978151572345,0.0,0.06836648307429538,0.06836648307429538
alpha Motivational state 1,14.234181658898475,0.0,8.724897184594766,0.06836648307429538,0.0,0.06687695873701749
alpha Motivational state 2,6.508978151572345,8.724897184594766,0.0,0.06836648307429538,0.06687695873701749,0.0
betta Motivational state 0,0.0,6.646384759677186,5.25187791344943,0.0,0.10290260800068829,0.10290260800068829
betta Motivational state 1,6.646384759677186,0.0,6.001063363593733,0.10290260800068829,0.0,0.08473473220427863
betta Motivational state 2,5.25187791344943,6.001063363593733,0.0,0.10290260800068829,0.08473473220427863,0.0
gamma Motivational state 0,0.0,16.61906444463458,17.696480800947896,0.0,0.07109402556892785,0.07109402556892785
gamma Motivational state 1,16.61906444463458,0.0,6.232848239909121,0.07109402556892785,0.0,0.04807533055642388
gamma Motivational state 2,17.696480800947896,6.232848239909121,0.0,0.07109402556892785,0.04807533055642388,0.0
