,dimension 0,dimension 1
Landscapes,0.8938461538461541,0.39538461538461533
Silhouettes,0.0,0.3830769230769231
Descriptors,0.0,0.3830769230769231
Bottleneck,0.0,1.0
