,dimension 0,dimension 1
Landscapes,0.8596774193548387,0.4887096774193548
Silhouettes,0.0,0.4870967741935484
Descriptors,0.0,0.4870967741935484
Bottleneck,0.0,0.0
