,dimension 0,dimension 1
Landscapes,0.6873015873015872,0.48730158730158735
Silhouettes,0.0,0.48571428571428577
Descriptors,0.0,0.48571428571428577
Bottleneck,0.0,0.0
