,dimension 0,dimension 1
Landscapes,0.876923076923077,0.45076923076923076
Silhouettes,0.0,0.4461538461538462
Descriptors,0.0,0.4461538461538462
Bottleneck,0.0,0.0
