,dimension 0,dimension 1
Landscapes,0.8301587301587301,0.5476190476190476
Silhouettes,0.0,0.5444444444444444
Descriptors,0.0,0.5444444444444444
Bottleneck,0.0,0.48571428571428565
