,dimension 0,dimension 1
Landscapes,0.9491803278688525,0.48196721311475405
Silhouettes,0.0,0.4713114754098361
Descriptors,0.0,0.4713114754098361
Bottleneck,0.0,0.09344262295081968
