,Clean Channels,N. trials,M0,M1,M2,captured variance after PCA,N. trials w/o Outliers ,M0 w/o Outliers ,M1 w/o Outliers ,M2 w/o Outliers ,test size
gamma1,45.0,648.0,216.0,216.0,216.0,0.9765195035234127,618.0,202.0,207.0,209.0,40.400000000000006
gamma2,45.0,648.0,216.0,216.0,216.0,0.9864623855454678,623.0,195.0,214.0,214.0,39.0
beta1,45.0,648.0,216.0,216.0,216.0,0.9671257404500708,632.0,203.0,214.0,215.0,40.6
beta2,45.0,648.0,216.0,216.0,216.0,0.9767731484705054,623.0,194.0,215.0,214.0,38.800000000000004
alpha1,45.0,648.0,216.0,216.0,216.0,0.9704887655736912,628.0,200.0,213.0,215.0,40.0
alpha2,45.0,648.0,216.0,216.0,216.0,0.9703985727052472,621.0,193.0,215.0,213.0,38.6
noFilter1,45.0,648.0,216.0,216.0,216.0,0.8780952687192002,618.0,199.0,208.0,211.0,39.800000000000004
noFilter2,45.0,648.0,216.0,216.0,216.0,0.8750284566902218,623.0,195.0,213.0,215.0,39.0
