,dimension 0,dimension 1
Landscapes,0.9286885245901638,0.29508196721311475
Silhouettes,0.0,0.2491803278688524
Descriptors,0.0,0.2491803278688524
Bottleneck,0.0,0.0
