,Clean Channels,N. trials,M0,M1,M2,captured variance after PCA,N. trials w/o Outliers ,M0 w/o Outliers ,M1 w/o Outliers ,M2 w/o Outliers ,test size
gamma1,42.0,648.0,216.0,324.0,108.0,0.8785897760159201,632.0,209.0,318.0,105.0,21.0
gamma2,42.0,648.0,216.0,108.0,324.0,0.8055693304342404,629.0,206.0,108.0,315.0,21.6
beta1,42.0,648.0,216.0,324.0,108.0,0.8509176322176303,635.0,214.0,317.0,104.0,20.8
beta2,42.0,648.0,216.0,108.0,324.0,0.8471324499590187,636.0,209.0,108.0,319.0,21.6
alpha1,42.0,648.0,216.0,324.0,108.0,0.8898206516631697,637.0,213.0,319.0,105.0,21.0
alpha2,42.0,648.0,216.0,108.0,324.0,0.917451451211688,638.0,209.0,108.0,321.0,21.6
noFilter1,42.0,648.0,216.0,324.0,108.0,0.9713291791732739,645.0,216.0,321.0,108.0,21.6
noFilter2,42.0,648.0,216.0,108.0,324.0,0.8128714231647867,637.0,209.0,107.0,321.0,21.400000000000002
