,dimension 0,dimension 1
Landscapes,0.8966666666666667,0.4541666666666666
Silhouettes,0.0,0.4308333333333333
Descriptors,0.0,0.4308333333333333
Bottleneck,0.9858333333333335,1.0
