,dimension 0,dimension 1
Landscapes,0.933606557377049,0.5180327868852459
Silhouettes,0.0,0.5122950819672132
Descriptors,0.0,0.5122950819672132
Bottleneck,0.0,1.0
