,dimension 0,dimension 1
Landscapes,0.8263999999999999,0.6359999999999999
Silhouettes,0.0,0.6327999999999999
Descriptors,0.0,0.6327999999999999
Bottleneck,0.0,0.0
