,M0 dimension 0,M1 dimension 0,M2 dimension 0,M0 dimension 1,M1 dimension 1,M1 dimension 2
Motivational state 0,0.0,2.662610593447763,3.079790764340345,0.0,0.4638496743447922,0.39506636791619876
Motivational state 1,2.662610593447763,0.0,2.1395884923882074,0.4638496743447922,0.0,0.39506636791619876
Motivational state 2,3.079790764340345,2.1395884923882074,0.0,0.39506636791619876,0.39506636791619876,0.0
