,M0 dimension 0,M1 dimension 0,M2 dimension 0,M0 dimension 1,M1 dimension 1,M1 dimension 2
Motivational state 0,0.0,1.901180452877366,1.026158819000755,0.0,0.6184840684042943,0.6184840684042943
Motivational state 1,1.901180452877366,0.0,2.462140124080766,0.6184840684042943,0.0,0.608995214099207
Motivational state 2,1.026158819000755,2.462140124080766,0.0,0.6184840684042943,0.608995214099207,0.0
