,dimension 0,dimension 1
Landscapes,0.8615999999999999,0.5088
Silhouettes,0.0,0.4936000000000001
Descriptors,0.0,0.4936000000000001
Bottleneck,0.0,0.0
