,dimension 0,dimension 1
Landscapes,0.8135999999999999,0.45120000000000005
Silhouettes,0.0,0.41600000000000004
Descriptors,0.0,0.41600000000000004
Bottleneck,0.32080000000000003,1.0
