,dimension 0,dimension 1
Landscapes,0.9282258064516128,0.27580645161290324
Silhouettes,0.0,0.2411290322580645
Descriptors,0.0,0.2411290322580645
Bottleneck,0.0,0.0
