,Clean Channels,N. trials,M0,M1,M2,captured variance after PCA,N. trials w/o Outliers ,M0 w/o Outliers ,M1 w/o Outliers ,M2 w/o Outliers ,test size
gamma1,36.0,432.0,216.0,108.0,108.0,0.8438654251951451,412.0,207.0,102.0,103.0,62.0
gamma2,36.0,648.0,216.0,108.0,324.0,0.8839578345185044,619.0,207.0,101.0,311.0,61.0
beta1,36.0,432.0,216.0,108.0,108.0,0.7523377450358518,417.0,209.0,104.0,104.0,63.0
beta2,36.0,648.0,216.0,108.0,324.0,0.925070567089957,619.0,201.0,108.0,310.0,65.0
alpha1,36.0,432.0,216.0,108.0,108.0,0.6608243902493035,421.0,211.0,104.0,106.0,63.0
alpha2,36.0,648.0,216.0,108.0,324.0,0.9495020838203118,618.0,201.0,108.0,309.0,65.0
noFilter1,36.0,432.0,216.0,108.0,108.0,0.8220862108903804,417.0,209.0,104.0,104.0,63.0
noFilter2,36.0,648.0,216.0,108.0,324.0,0.9218554385816246,637.0,213.0,105.0,319.0,63.0
