,dimension 0,dimension 1
Landscapes,0.9324786324786325,0.5452991452991454
Silhouettes,0.0,0.5376068376068377
Descriptors,0.0,0.5376068376068377
Bottleneck,0.0,0.0
