,dimension 0,dimension 1
Landscapes,0.838095238095238,0.48888888888888893
Silhouettes,0.0,0.48571428571428565
Descriptors,0.0,0.48571428571428565
Bottleneck,0.0,0.0
