,dimension 0,dimension 1
Landscapes,0.9338582677165354,0.45433070866141734
Silhouettes,0.0,0.43543307086614186
Descriptors,0.0,0.43543307086614186
Bottleneck,0.0,0.0
