,dimension 0,dimension 1
Landscapes,0.8600000000000001,0.5523076923076923
Silhouettes,0.0,0.5507692307692308
Descriptors,0.0,0.5507692307692308
Bottleneck,0.0,0.09076923076923077
