,M0 dimension 0,M1 dimension 0,M2 dimension 0,M0 dimension 1,M1 dimension 1,M1 dimension 2
Motivational state 0,0.0,4.009999987027621,3.5888313362408235,0.0,0.006338293579153054,0.00646109816719706
Motivational state 1,4.009999987027621,0.0,2.930364832809265,0.006338293579153054,0.0,0.00646109816719706
Motivational state 2,3.5888313362408235,2.930364832809265,0.0,0.00646109816719706,0.00646109816719706,0.0
