,M0 dimension 0,M1 dimension 0,M2 dimension 0,M0 dimension 1,M1 dimension 1,M1 dimension 2
Motivational state 0,0.0,3.7432791359323208,6.16206451623955,0.0,0.006372848609780046,0.006372848609780046
Motivational state 1,3.7432791359323208,0.0,3.1548991322454167,0.006372848609780046,0.0,0.00474106594522139
Motivational state 2,6.16206451623955,3.1548991322454167,0.0,0.006372848609780046,0.00474106594522139,0.0
