,M0 dimension 0,M1 dimension 0,M2 dimension 0,M0 dimension 1,M1 dimension 1,M1 dimension 2
Motivational state 0,0.0,0.13762173014630436,0.0998640657251923,0.0,0.01306824967064385,0.01044796122237504
Motivational state 1,0.13762173014630436,0.0,0.05562456360293333,0.01306824967064385,0.0,0.01306824967064385
Motivational state 2,0.0998640657251923,0.05562456360293333,0.0,0.01044796122237504,0.01306824967064385,0.0
