,dimension 0,dimension 1
Landscapes,0.694871794871795,0.5128205128205129
Silhouettes,0.0,0.48461538461538467
Descriptors,0.0,0.48461538461538467
Bottleneck,0.0,1.0
