,dimension 0,dimension 1
Landscapes,0.85,0.6499999999999998
Silhouettes,0.0,0.6433333333333332
Descriptors,0.0,0.6433333333333332
Bottleneck,0.0,1.0
