,dimension 0,dimension 1
Landscapes,110.33333333333333,36.333333333333336
Silhouettes,0.0,32.333333333333336
Descriptors,0.0,32.333333333333336
Bottleneck,0.0,0.0
