,dimension 0,dimension 1
Landscapes,0.9203252032520324,0.5585365853658538
Silhouettes,0.0,0.5390243902439026
Descriptors,0.0,0.5390243902439026
Bottleneck,0.0,0.7910569105691058
