,M0 dimension 0,M1 dimension 0,M2 dimension 0,M0 dimension 1,M1 dimension 1,M1 dimension 2
alpha Motivational state 0,0.0,67.8253481114265,44.15255796278183,0.0,0.16498969548689857,0.10961445834646533
alpha Motivational state 1,67.8253481114265,0.0,31.412724023769982,0.16498969548689857,0.0,0.16498969548689857
alpha Motivational state 2,44.15255796278183,31.412724023769982,0.0,0.10961445834646533,0.16498969548689857,0.0
betta Motivational state 0,0.0,65.39554532866384,94.14612695399754,0.0,0.1418907751746339,0.1418907751746339
betta Motivational state 1,65.39554532866384,0.0,30.74559432000779,0.1418907751746339,0.0,0.08747311994638451
betta Motivational state 2,94.14612695399754,30.74559432000779,0.0,0.1418907751746339,0.08747311994638451,0.0
gamma Motivational state 0,0.0,228.4547593091164,388.2138329630327,0.0,0.3384768087690979,0.17665191214734044
gamma Motivational state 1,228.4547593091164,0.0,273.98645330847455,0.3384768087690979,0.0,5.636502313142444
gamma Motivational state 2,388.2138329630327,273.98645330847455,0.0,0.17665191214734044,4.539574336209741,0.0
