,M0 dimension 0,M1 dimension 0,M2 dimension 0,M0 dimension 1,M1 dimension 1,M1 dimension 2
alpha Motivational state 0,0.0,0.5519499657466631,0.42694901991807277,0.0,0.2541198442929149,0.13904718515246062
alpha Motivational state 1,0.5519499657466631,0.0,0.7503998475574201,0.2541198442929149,0.0,0.2541198442929149
alpha Motivational state 2,0.42694901991807277,0.7503998475574201,0.0,0.13904718515246062,0.2541198442929149,0.0
betta Motivational state 0,0.0,1.0280802418788815,1.2625019839298943,0.0,0.30416137722130454,0.30416137722130454
betta Motivational state 1,1.0280802418788815,0.0,0.5276412258574004,0.30416137722130454,0.0,0.19010709101602474
betta Motivational state 2,1.2625019839298943,0.5276412258574004,0.0,0.30416137722130454,0.19010709101602474,0.0
gamma Motivational state 0,0.0,1.9341663897289614,1.3654719360099214,0.0,0.3325867300364367,0.39409861014124203
gamma Motivational state 1,1.9341663897289614,0.0,2.2184689718943797,0.3325867300364367,0.0,0.44938708990898313
gamma Motivational state 2,1.3654719360099214,2.2184689718943797,0.0,0.39409861014124203,0.44938708990898313,0.0
