,Avg. life dim0,Avg. life dim1,Avg. midlife dim0,Avg. midlife dim1
Motivational state 0,1.287461955223411,0.012604984630320032,0.6437309776117055,1.0415464455955215
Motivational state 1,1.5496668916756897,0.022143327813220107,0.7748334458378449,1.2898390463789728
Motivational state 2,1.5246225234885793,0.025596795159255097,0.7623112617442896,1.4288651245130959
