,Avg. life dim0,Avg. life dim1,std lifedim0,stdlife dim1,Avg. midlife dim0,Avg. midlife dim1,std midlifedim0,stdmidlife dim1
alpha Motivational state 0,8.6383359635384,0.0325573177799616,12.497012971701,0.050703467599098426,4.3191679817692,5.24857331604356,6.2485064858505,2.9467766468707017
alpha Motivational state 1,12.476750295422388,0.06433221876952044,14.73886788680814,0.10399802939573449,6.238375147711194,10.744487968335228,7.36943394340407,10.679926396872824
alpha Motivational state 2,15.855243541810816,0.019572935882972597,13.566574711026385,0.006979986146442574,7.927621770905408,5.653937242763734,6.783287355513193,0.11542692456628689
betta Motivational state 0,9.194329685288723,0.05757968716304562,12.757045890731632,0.08670121366110166,4.597164842644362,7.2115783545148515,6.378522945365816,6.089586860422049
betta Motivational state 1,13.021606390470488,0.052382203160680284,10.972090696566685,0.05892223557785237,6.510803195235244,10.622721886040754,5.4860453482833424,7.402152675820148
betta Motivational state 2,16.432057708025084,0.035997459655828304,11.509256638913058,0.0320380680584651,8.216028854012542,9.884327905388606,5.754628319456529,4.164588614117856
gamma Motivational state 0,10.39923806795935,0.08280808184716681,39.42279398598941,0.11317770518653922,5.199619033979675,7.825170112910456,19.711396992994704,3.0409902201855963
gamma Motivational state 1,13.231973973762894,0.24746425209487022,29.290624038607945,0.2587920985740952,6.615986986881447,18.323388873464992,14.645312019303972,8.192402993463311
gamma Motivational state 2,16.59390421568896,0.05763647167560326,18.314366367231873,0.05665311427981721,8.29695210784448,13.42660312361281,9.157183183615937,3.520932342687547
