,dimension 0,dimension 1
Landscapes,52.333333333333336,34.666666666666664
Silhouettes,0.0,32.666666666666664
Descriptors,0.0,32.666666666666664
Bottleneck,0.0,38.666666666666664
