,dimension 0,dimension 1
Landscapes,0.8926829268292682,0.4463414634146342
Silhouettes,0.0,0.4341463414634147
Descriptors,0.0,0.4341463414634147
Bottleneck,0.0,1.0
