,dimension 0,dimension 1
Landscapes,0.76,0.5846153846153845
Silhouettes,0.0,0.583076923076923
Descriptors,0.0,0.583076923076923
Bottleneck,0.0,0.0
