,dimension 0,dimension 1
Landscapes,0.9186046511627908,0.541860465116279
Silhouettes,0.0,0.5279069767441861
Descriptors,0.0,0.5279069767441861
Bottleneck,0.0,1.0
