,dimension 0,dimension 1
Landscapes,0.7761904761904762,0.6936507936507936
Silhouettes,0.0,0.6904761904761905
Descriptors,0.0,0.6904761904761905
Bottleneck,0.0,0.09365079365079365
