,dimension 0,dimension 1
Landscapes,0.78,0.3923076923076923
Silhouettes,0.0,0.3861538461538462
Descriptors,0.0,0.3861538461538462
Bottleneck,0.0,0.0
