,dimension 0,dimension 1
Landscapes,57.666666666666664,25.666666666666668
Silhouettes,0.0,24.666666666666668
Descriptors,0.0,24.666666666666668
Bottleneck,0.0,0.0
