,dimension 0,dimension 1
Landscapes,0.9420168067226891,0.5470588235294117
Silhouettes,0.0,0.5310924369747899
Descriptors,0.0,0.5310924369747899
Bottleneck,0.0,1.0
