,dimension 0,dimension 1
Landscapes,0.6299999999999999,0.6483333333333332
Silhouettes,0.0,0.6449999999999999
Descriptors,0.0,0.6449999999999999
Bottleneck,0.0,1.0
