,dimension 0,dimension 1
Landscapes,0.8378151260504202,0.3613445378151261
Silhouettes,0.0,0.3378151260504202
Descriptors,0.0,0.3378151260504202
Bottleneck,0.0,0.0
