,dimension 0,dimension 1
Landscapes,0.8523076923076924,0.6661538461538462
Silhouettes,0.0,0.6661538461538462
Descriptors,0.0,0.6661538461538462
Bottleneck,0.0,1.0
