,dimension 0,dimension 1
Landscapes,0.9404761904761905,0.3396825396825397
Silhouettes,0.0,0.30793650793650795
Descriptors,0.0,0.30793650793650795
Bottleneck,0.0,0.0
