,dimension 0,dimension 1
Landscapes,0.8892307692307693,0.5199999999999999
Silhouettes,0.0,0.5184615384615384
Descriptors,0.0,0.5184615384615384
Bottleneck,0.0,1.0
