,dimension 0,dimension 1
Landscapes,0.7661538461538461,0.7738461538461536
Silhouettes,0.0,0.7738461538461536
Descriptors,0.0,0.7738461538461536
Bottleneck,0.0,1.0
