,dimension 0,dimension 1
Landscapes,0.9127118644067795,0.690677966101695
Silhouettes,0.0,0.6872881355932203
Descriptors,0.0,0.6872881355932203
Bottleneck,0.0,1.0
