,dimension 0,dimension 1
Landscapes,0.8444444444444444,0.5476190476190477
Silhouettes,0.0,0.5428571428571429
Descriptors,0.0,0.5428571428571429
Bottleneck,0.0,0.0
