,dimension 0,dimension 1
Landscapes,0.8968253968253969,0.4603174603174603
Silhouettes,0.0,0.45555555555555555
Descriptors,0.0,0.45555555555555555
Bottleneck,0.0,0.9873015873015873
