,dimension 0,dimension 1
Landscapes,79.66666666666667,55.0
Silhouettes,0.0,54.333333333333336
Descriptors,0.0,54.333333333333336
Bottleneck,0.0,92.0
