,dimension 0,dimension 1
Landscapes,0.9338709677419355,0.2766129032258065
Silhouettes,0.0,0.2532258064516129
Descriptors,0.0,0.2532258064516129
Bottleneck,0.0,0.0
