,dimension 0,dimension 1
Landscapes,0.9252032520325203,0.3292682926829268
Silhouettes,0.0,0.2975609756097561
Descriptors,0.0,0.2975609756097561
Bottleneck,0.0,0.0
