,dimension 0,dimension 1
Landscapes,0.9336000000000002,0.7791999999999999
Silhouettes,0.0,0.7783999999999999
Descriptors,0.0,0.7783999999999999
Bottleneck,0.0,1.0
