,dimension 0,dimension 1
Landscapes,54.666666666666664,27.0
Silhouettes,0.0,24.333333333333332
Descriptors,0.0,24.333333333333332
Bottleneck,0.0,0.0
