,dimension 0,dimension 1
Landscapes,0.9279069767441861,0.6635658914728684
Silhouettes,0.0,0.6596899224806203
Descriptors,0.0,0.6596899224806203
Bottleneck,0.0,0.0
