,Clean Channels,N. trials,M0,M1,M2,captured variance after PCA,N. trials w/o Outliers ,M0 w/o Outliers ,M1 w/o Outliers ,M2 w/o Outliers ,test size
gamma1,29.0,648.0,216.0,108.0,324.0,0.9374399005095768,626.0,216.0,108.0,302.0,21.6
gamma2,29.0,648.0,216.0,324.0,108.0,0.8737869629614681,617.0,215.0,313.0,89.0,17.8
beta1,29.0,648.0,216.0,108.0,324.0,0.8510437496207319,638.0,216.0,106.0,316.0,21.200000000000003
beta2,29.0,648.0,216.0,324.0,108.0,0.7901070974838494,615.0,190.0,321.0,104.0,20.8
alpha1,29.0,648.0,216.0,108.0,324.0,0.9545978094008775,645.0,216.0,108.0,321.0,21.6
alpha2,29.0,648.0,216.0,324.0,108.0,0.7888541926388555,620.0,189.0,323.0,108.0,21.6
noFilter1,29.0,648.0,216.0,108.0,324.0,0.9828983167004093,640.0,216.0,108.0,316.0,21.6
noFilter2,29.0,648.0,216.0,324.0,108.0,0.701521939522938,631.0,213.0,319.0,99.0,19.8
