,dimension 0,dimension 1
Landscapes,0.9503999999999999,0.4272
Silhouettes,0.0,0.4152
Descriptors,0.0,0.4152
Bottleneck,0.0,0.9975999999999999
