,dimension 0,dimension 1
Landscapes,0.7478260869565218,0.7326086956521739
Silhouettes,0.0,0.7239130434782608
Descriptors,0.0,0.7239130434782608
Bottleneck,0.0,1.0
