,dimension 0,dimension 1
Landscapes,0.8033333333333333,0.4811111111111111
Silhouettes,0.0,0.4644444444444444
Descriptors,0.0,0.4644444444444444
Bottleneck,0.0,0.9988888888888889
