,dimension 0,dimension 1
Landscapes,0.8741573033707866,0.4606741573033707
Silhouettes,0.0,0.4314606741573034
Descriptors,0.0,0.4314606741573034
Bottleneck,0.0,0.0943820224719101
