,dimension 0,dimension 1
Landscapes,0.9222222222222223,0.3809523809523809
Silhouettes,0.0,0.3777777777777777
Descriptors,0.0,0.3777777777777777
Bottleneck,0.0,0.0
