,dimension 0,dimension 1
Landscapes,105.33333333333333,63.0
Silhouettes,0.0,57.666666666666664
Descriptors,0.0,57.666666666666664
Bottleneck,0.0,0.0
