,dimension 0,dimension 1
Landscapes,0.939344262295082,0.31803278688524594
Silhouettes,0.0,0.2319672131147541
Descriptors,0.0,0.2319672131147541
Bottleneck,0.0,0.0
