,dimension 0,dimension 1
Landscapes,0.9376000000000001,0.4048
Silhouettes,0.0,0.3807999999999999
Descriptors,0.0,0.3807999999999999
Bottleneck,0.0,1.0
