,dimension 0,dimension 1
Landscapes,0.9453781512605042,0.4336134453781512
Silhouettes,0.0,0.426890756302521
Descriptors,0.0,0.426890756302521
Bottleneck,0.0,0.0
