,Clean Channels,N. trials,M0,M1,M2,N. trials w/o OL,M0 w/o OL,M1 w/o OL,M2 w/o OL,captured variance,N. trials w/o OL 2,M0 w/o OL 2,M1 w/o OL 2,M2 w/o OL 2
gamma1,42.0,648.0,216.0,324.0,108.0,547.0,176.0,267.0,104.0,0.8247065724906939,530.0,163.0,266.0,101.0
gamma2,42.0,648.0,216.0,108.0,324.0,476.0,148.0,69.0,259.0,0.7546609588232962,460.0,142.0,67.0,251.0
betta1,42.0,648.0,216.0,324.0,108.0,549.0,192.0,262.0,95.0,0.6263163129665796,527.0,186.0,250.0,91.0
betta2,42.0,648.0,216.0,108.0,324.0,531.0,172.0,89.0,270.0,0.6171489453293254,509.0,160.0,87.0,262.0
alpha1,42.0,648.0,216.0,324.0,108.0,616.0,199.0,312.0,105.0,0.48495639786916656,592.0,191.0,301.0,100.0
alpha2,42.0,648.0,216.0,108.0,324.0,633.0,208.0,108.0,317.0,0.4384462852525889,603.0,207.0,107.0,289.0
noFilter1,42.0,648.0,216.0,324.0,108.0,637.0,212.0,317.0,108.0,0.6644340014936212,600.0,193.0,302.0,105.0
noFilter2,42.0,648.0,216.0,108.0,324.0,611.0,201.0,102.0,308.0,0.3748530926043952,578.0,196.0,96.0,286.0
