,dimension 0,dimension 1
Landscapes,0.7261538461538461,0.4323076923076924
Silhouettes,0.0,0.4276923076923077
Descriptors,0.0,0.4276923076923077
Bottleneck,0.0,0.0
