,dimension 0,dimension 1
Landscapes,0.9410852713178294,0.403875968992248
Silhouettes,0.0,0.3581395348837209
Descriptors,0.0,0.3581395348837209
Bottleneck,0.0,1.0
