,dimension 0,dimension 1
Landscapes,38.666666666666664,50.666666666666664
Silhouettes,0.0,50.333333333333336
Descriptors,0.0,50.333333333333336
Bottleneck,0.0,63.0
