,M0 dimension 0,M1 dimension 0,M2 dimension 0,M0 dimension 1,M1 dimension 1,M1 dimension 2
alpha Motivational state 0,0.0,2.741818165904064,14.127248573026208,0.0,0.1337535249734909,0.1337535249734909
alpha Motivational state 1,2.741818165904064,0.0,16.86906673893027,0.1337535249734909,0.0,0.0896626945190988
alpha Motivational state 2,14.127248573026208,16.86906673893027,0.0,0.1337535249734909,0.0896626945190988,0.0
betta Motivational state 0,0.0,0.774426889244967,1.98874564473449,0.0,0.010112905579695908,0.010112905579695908
betta Motivational state 1,0.774426889244967,0.0,1.5692068788645024,0.010112905579695908,0.0,0.008156599203969606
betta Motivational state 2,1.98874564473449,1.5692068788645024,0.0,0.010112905579695908,0.008156599203969606,0.0
gamma Motivational state 0,0.0,10.75899814518678,13.575132956411199,0.0,0.2027823162810467,0.2027823162810467
gamma Motivational state 1,10.75899814518678,0.0,4.317049868980291,0.2027823162810467,0.0,0.006882979340574691
gamma Motivational state 2,13.575132956411199,4.317049868980291,0.0,0.2027823162810467,0.006882979340574691,0.0
