,Avg. life dim0,Avg. life dim1,Avg. midlife dim0,Avg. midlife dim1
Motivational state 0,0.15295932484680802,0.002594096392941852,0.07647966242340401,0.1214612729577118
Motivational state 1,0.17707142511972576,0.002544201074466195,0.08853571255986288,0.13854638826412996
Motivational state 2,0.20581860211223435,0.003289575303918903,0.10290930105611718,0.19987061691963653
