,Avg. life dim0,Avg. life dim1,std lifedim0,stdlife dim1,Avg. midlife dim0,Avg. midlife dim1,std midlifedim0,stdmidlife dim1
alpha Motivational state 0,0.07851562589792874,0.001983425465617727,0.05829695796381464,0.0010717793135998257,0.03925781294896437,0.065099099892965,0.02914847898190732,0.009846641636074262
alpha Motivational state 1,0.2623081290412958,0.007740269391525154,0.1300290202569172,0.004697546918560214,0.1311540645206479,0.22593904263893097,0.0650145101284586,0.06227789246479184
alpha Motivational state 2,0.09159449760610881,0.004448771462412501,0.06676730474447842,0.0033598493481894727,0.045797248803054406,0.09034413158076712,0.03338365237223921,0.03899012195053274
betta Motivational state 0,0.14384567701163464,0.0017946537724488852,0.10486027805607455,0.000680623778835994,0.07192283850581732,0.09953841246928101,0.052430139028037274,0.008203034263244903
betta Motivational state 1,0.42140715954346003,0.00904783542384982,0.1691477487816235,0.005238086102277321,0.21070357977173002,0.4305518535574586,0.08457387439081175,0.10807602591525162
betta Motivational state 2,0.16276326567877922,0.0019310412879473588,0.11492628726145128,0.0015450532005732002,0.08138163283938961,0.15220331323427658,0.05746314363072564,0.021050164424741037
gamma Motivational state 0,0.3111159471527004,0.0007768548374966119,0.25690386889172406,0.0005476605386175621,0.1555579735763502,0.16219639503044844,0.12845193444586203,0.08252178014157689
gamma Motivational state 1,0.7120036306505655,,0.32035560909272803,,0.35600181532528274,,0.16017780454636402,
gamma Motivational state 2,0.32908086719074137,3.538813522495354e-05,0.23129079753655463,0.0,0.16454043359537068,0.11282563556708913,0.11564539876827731,0.0
