,Avg. life dim0,Avg. life dim1,std lifedim0,stdlife dim1,Avg. midlife dim0,Avg. midlife dim1,std midlifedim0,stdmidlife dim1
alpha Motivational state 0,1.020863699095063,0.009188667854314516,1.6142692482012677,0.035033263360238404,0.5104318495475315,0.6621924344493332,0.8071346241006339,0.5186243373624956
alpha Motivational state 1,1.4350906620915103,0.01296717029191085,1.7370475401856866,0.0429768830770687,0.7175453310457551,0.9323416536473889,0.8685237700928433,0.6799629015396276
alpha Motivational state 2,2.1877961069947847,0.004859797870078164,1.1026218793772364,0.0040717617569003455,1.0938980534973923,1.5650155215159107,0.5513109396886182,0.37654770813990346
betta Motivational state 0,0.8492714648771873,0.0049325491227056265,0.40086682758657094,0.004594755181444443,0.42463573243859365,0.5401552848538959,0.20043341379328547,0.2490159525263972
betta Motivational state 1,1.292106573512844,0.006039154512172893,0.5397325408878558,0.004659099880432591,0.646053286756422,0.7311053064352012,0.2698662704439279,0.04130740602690756
betta Motivational state 2,2.0995627057007855,,0.7830218293125927,,1.0497813528503928,,0.39151091465629634,
gamma Motivational state 0,0.9358688343596832,0.010029782891248533,1.3758341070171598,0.044191822904158226,0.4679344171798416,0.6425010186303526,0.6879170535085799,0.5820804961321613
gamma Motivational state 1,1.32215551981623,0.004001572737287601,1.0212218696380246,0.0025311253481998296,0.661077759908115,0.7254622032223645,0.5106109348190123,0.2388222839767013
gamma Motivational state 2,2.0255118389676583,0.00475079013909225,0.9716157813305263,0.004174220499013401,1.0127559194838291,1.3458426879450827,0.48580789066526314,0.3063753192693104
