,dimension 0,dimension 1
Landscapes,0.6446153846153847,0.7523076923076923
Silhouettes,0.0,0.7476923076923077
Descriptors,0.0,0.7476923076923077
Bottleneck,0.0,1.0
