,dimension 0,dimension 1
Landscapes,119.0,63.0
Silhouettes,0.0,57.333333333333336
Descriptors,0.0,57.333333333333336
Bottleneck,0.0,125.0
