,dimension 0,dimension 1
Landscapes,0.8813559322033899,0.3271186440677967
Silhouettes,0.0,0.32372881355932204
Descriptors,0.0,0.32372881355932204
Bottleneck,0.0,0.0
