,dimension 0,dimension 1
Landscapes,0.8050847457627119,0.6898305084745762
Silhouettes,0.0,0.6881355932203389
Descriptors,0.0,0.6881355932203389
Bottleneck,0.0,0.38305084745762713
