,dimension 0,dimension 1
Landscapes,0.8837606837606838,0.7914529914529914
Silhouettes,0.0,0.7811965811965812
Descriptors,0.0,0.7811965811965812
Bottleneck,0.0,1.0
