,dimension 0,dimension 1
Landscapes,0.9232000000000001,0.46080000000000004
Silhouettes,0.0,0.43199999999999994
Descriptors,0.0,0.43199999999999994
Bottleneck,0.0,0.9975999999999999
