,dimension 0,dimension 1
Landscapes,57.333333333333336,30.0
Silhouettes,0.0,29.666666666666668
Descriptors,0.0,29.666666666666668
Bottleneck,0.0,0.0
