,Clean Channels,N. trials,M0,M1,M2,captured variance after PCA,N. trials w/o Outliers ,M0 w/o Outliers ,M1 w/o Outliers ,M2 w/o Outliers ,test size
gamma1,49.0,432.0,216.0,108.0,108.0,0.8825462134719992,421.0,212.0,107.0,102.0,62.0
gamma2,49.0,585.0,216.0,216.0,153.0,0.8351423093597901,545.0,197.0,195.0,153.0,92.0
beta1,49.0,432.0,216.0,108.0,108.0,0.821341268981519,403.0,187.0,108.0,108.0,65.0
beta2,49.0,585.0,216.0,216.0,153.0,0.7515775386083984,573.0,210.0,210.0,153.0,92.0
alpha1,49.0,432.0,216.0,108.0,108.0,0.7064431139859901,406.0,190.0,108.0,108.0,65.0
alpha2,49.0,585.0,216.0,216.0,153.0,0.6390460094725742,578.0,212.0,214.0,152.0,92.0
noFilter1,49.0,432.0,216.0,108.0,108.0,0.6947306065718821,422.0,214.0,106.0,102.0,62.0
noFilter2,49.0,585.0,216.0,216.0,153.0,0.6490957441384219,572.0,211.0,215.0,146.0,88.0
