,dimension 0,dimension 1
Landscapes,0.8817460317460318,0.4238095238095238
Silhouettes,0.0,0.403968253968254
Descriptors,0.0,0.403968253968254
Bottleneck,0.09682539682539683,1.0
