,dimension 0,dimension 1
Landscapes,60.333333333333336,21.333333333333332
Silhouettes,0.0,19.666666666666668
Descriptors,0.0,19.666666666666668
Bottleneck,0.0,0.0
