,dimension 0,dimension 1
Landscapes,0.9310077519379846,0.48682170542635655
Silhouettes,0.0,0.4782945736434108
Descriptors,0.0,0.4782945736434108
Bottleneck,0.0,0.0
