,dimension 0,dimension 1
Landscapes,0.8938461538461538,0.6753846153846155
Silhouettes,0.0,0.673846153846154
Descriptors,0.0,0.673846153846154
Bottleneck,0.21846153846153848,1.0
