,dimension 0,dimension 1
Landscapes,0.8584615384615384,0.5323076923076923
Silhouettes,0.0,0.5215384615384615
Descriptors,0.0,0.5215384615384615
Bottleneck,0.0,0.0
