,dimension 0,dimension 1
Landscapes,0.8982905982905984,0.6324786324786327
Silhouettes,0.0,0.6213675213675216
Descriptors,0.0,0.6213675213675216
Bottleneck,0.0,0.19145299145299147
