,dimension 0,dimension 1
Landscapes,0.8857142857142858,0.546218487394958
Silhouettes,0.0,0.5403361344537815
Descriptors,0.0,0.5403361344537815
Bottleneck,0.0,1.0
