,dimension 0,dimension 1
Landscapes,0.8323076923076922,0.5799999999999998
Silhouettes,0.0,0.5769230769230769
Descriptors,0.0,0.5769230769230769
Bottleneck,0.0,0.0
