,Avg. life dim0,Avg. life dim1,std lifelife dim0,stdlife dim1,Avg. midlife dim0,Avg. midlife dim1,std midlifelife dim0,stdmidlife dim1
Motivational state 0,0.06306583539127324,0.0006910901896602399,0.015259972001026752,0.0005659672180682901,0.03153291769563662,0.06068389069831408,0.007629986000513376,0.008551972232435237
Motivational state 1,0.060686274850495305,0.0006142472586412997,0.010803420034083962,0.0005467150308729812,0.030343137425247652,0.06100557513658984,0.005401710017041981,0.007602051916256935
Motivational state 2,0.07084082272835678,0.0013579498955264334,0.01979426143235385,0.0014114031851150783,0.03542041136417839,0.07089349551415416,0.009897130716176926,0.011580986616200979
