,M0 dimension 0,M1 dimension 0,M2 dimension 0,M0 dimension 1,M1 dimension 1,M1 dimension 2
alpha Motivational state 0,0.0,0.23286320706311725,0.639294121288664,0.0,0.004792286594388073,0.004792286594388073
alpha Motivational state 1,0.23286320706311725,0.0,0.729977399748583,0.004792286594388073,0.0,0.0016714809174763756
alpha Motivational state 2,0.639294121288664,0.729977399748583,0.0,0.004792286594388073,0.0016714809174763756,0.0
betta Motivational state 0,0.0,0.2353190118249,0.4379324364091083,0.0,0.005352593217502644,0.005352593217502644
betta Motivational state 1,0.2353190118249,0.0,0.3158727450476452,0.005352593217502644,0.0,0.0037851438875290966
betta Motivational state 2,0.4379324364091083,0.3158727450476452,0.0,0.005352593217502644,0.0037851438875290966,0.0
gamma Motivational state 0,0.0,0.4230919346040972,0.40342318792494014,0.0,0.0027740403375208222,0.0027740403375208222
gamma Motivational state 1,0.4230919346040972,0.0,0.5831753058233251,0.0027740403375208222,0.0,0.0026623122847451164
gamma Motivational state 2,0.40342318792494014,0.5831753058233251,0.0,0.0027740403375208222,0.0026623122847451164,0.0
