,M0 dimension 0,M1 dimension 0,M2 dimension 0,M0 dimension 1,M1 dimension 1,M1 dimension 2
Motivational state 0,0.0,0.517403346656335,0.6536400024067652,0.0,0.08630851936650075,0.08354307736299993
Motivational state 1,0.517403346656335,0.0,0.3532535605327325,0.08630851936650075,0.0,0.06925890200109808
Motivational state 2,0.6536400024067652,0.3532535605327325,0.0,0.08354307736299993,0.06925890200109808,0.0
