,M0 dimension 0,M1 dimension 0,M2 dimension 0,M0 dimension 1,M1 dimension 1,M1 dimension 2
Motivational state 0,0.0,3.0641877518322653,3.154001097821804,0.0,0.2149362295332975,0.32759121127958757
Motivational state 1,3.0641877518322653,0.0,2.0576846344321558,0.2149362295332975,0.0,0.32759121127958757
Motivational state 2,3.154001097821804,2.0576846344321558,0.0,0.32759121127958757,0.32759121127958757,0.0
