,M0 dimension 0,M1 dimension 0,M2 dimension 0,M0 dimension 1,M1 dimension 1,M1 dimension 2
Motivational state 0,0.0,0.4067848620693342,0.2501549353353629,0.0,0.12090590726349637,0.12090590726349637
Motivational state 1,0.4067848620693342,0.0,0.35313879001380877,0.12090590726349637,0.0,0.11734320382782215
Motivational state 2,0.2501549353353629,0.35313879001380877,0.0,0.12090590726349637,0.11734320382782215,0.0
