,dimension 0,dimension 1
Landscapes,0.7714285714285715,0.6587301587301587
Silhouettes,0.0,0.6523809523809524
Descriptors,0.0,0.6523809523809524
Bottleneck,0.0,0.0
