,M0 dimension 0,M1 dimension 0,M2 dimension 0,M0 dimension 1,M1 dimension 1,M1 dimension 2
Motivational state 0,0.0,17.88313717806456,23.395955161351395,0.0,0.23631191179030875,0.2236365702535439
Motivational state 1,17.88313717806456,0.0,7.538315951568293,0.23631191179030875,0.0,0.23631191179030875
Motivational state 2,23.395955161351395,7.538315951568293,0.0,0.2236365702535439,0.23631191179030875,0.0
