,M0 dimension 0,M1 dimension 0,M2 dimension 0,M0 dimension 1,M1 dimension 1,M1 dimension 2
Motivational state 0,0.0,52.14252173375853,71.77167893947052,0.0,0.08740054289654076,0.07220518799463038
Motivational state 1,52.14252173375853,0.0,43.39404806890484,0.08740054289654076,0.0,0.08740054289654076
Motivational state 2,71.77167893947052,43.39404806890484,0.0,0.07220518799463038,0.08740054289654076,0.0
