,M0 dimension 0,M1 dimension 0,M2 dimension 0,M0 dimension 1,M1 dimension 1,M1 dimension 2
Motivational state 0,0.0,10.84547864944178,11.237735019624989,0.0,0.321640678833119,0.06691437389942001
Motivational state 1,10.84547864944178,0.0,13.339058461333334,0.321640678833119,0.0,0.321640678833119
Motivational state 2,11.237735019624989,13.339058461333334,0.0,0.06691437389942001,0.321640678833119,0.0
