,dimension 0,dimension 1
Landscapes,0.5838709677419354,0.8387096774193548
Silhouettes,0.0,0.835483870967742
Descriptors,0.0,0.835483870967742
Bottleneck,0.0,1.0
