,dimension 0,dimension 1
Landscapes,0.45,0.7000000000000001
Silhouettes,0.0,0.7000000000000001
Descriptors,0.0,0.7000000000000001
Bottleneck,0.0,0.0
