,dimension 0,dimension 1
Landscapes,21.666666666666668,52.666666666666664
Silhouettes,0.0,52.333333333333336
Descriptors,0.0,52.333333333333336
Bottleneck,0.0,0.0
