,dimension 0,dimension 1
Landscapes,0.5984615384615385,0.8076923076923077
Silhouettes,0.0,0.8061538461538461
Descriptors,0.0,0.8061538461538461
Bottleneck,0.0,1.0
