,dimension 0,dimension 1
Landscapes,0.816304347826087,0.6032608695652174
Silhouettes,0.0,0.5956521739130435
Descriptors,0.0,0.5956521739130435
Bottleneck,0.22065217391304345,1.0
