,dimension 0,dimension 1
Landscapes,0.7833333333333333,0.6817460317460318
Silhouettes,0.0,0.6753968253968254
Descriptors,0.0,0.6753968253968254
Bottleneck,0.0,0.9992063492063492
