,dimension 0,dimension 1
Landscapes,0.8310924369747898,0.473109243697479
Silhouettes,0.0,0.46974789915966386
Descriptors,0.0,0.46974789915966386
Bottleneck,0.0,0.3890756302521009
