,Clean Channels,N. trials,M0,M1,M2,captured variance after PCA,N. trials w/o Outliers ,M0 w/o Outliers ,M1 w/o Outliers ,M2 w/o Outliers ,test size
gamma1,54.0,648.0,216.0,216.0,216.0,0.7729986078514209,620.0,193.0,211.0,216.0,38.6
gamma2,54.0,648.0,216.0,216.0,216.0,0.6815602488713071,637.0,215.0,215.0,207.0,41.400000000000006
beta1,54.0,648.0,216.0,216.0,216.0,0.6761352878386604,623.0,205.0,209.0,209.0,41.0
beta2,54.0,648.0,216.0,216.0,216.0,0.6757001577020096,624.0,212.0,203.0,209.0,40.6
alpha1,54.0,648.0,216.0,216.0,216.0,0.5268411437527835,617.0,200.0,208.0,209.0,40.0
alpha2,54.0,648.0,216.0,216.0,216.0,0.5782015911177383,627.0,210.0,205.0,212.0,41.0
noFilter1,54.0,648.0,216.0,216.0,216.0,0.8543260188931757,638.0,211.0,211.0,216.0,42.2
noFilter2,54.0,648.0,216.0,216.0,216.0,0.7256834863956293,636.0,214.0,208.0,214.0,41.6
