,dimension 0,dimension 1
Landscapes,0.8846153846153848,0.46461538461538465
Silhouettes,0.0,0.46153846153846156
Descriptors,0.0,0.46153846153846156
Bottleneck,0.0,0.0
