,dimension 0,dimension 1
Landscapes,0.9118110236220472,0.3590551181102362
Silhouettes,0.0,0.34488188976377954
Descriptors,0.0,0.34488188976377954
Bottleneck,0.0,1.0
