,M0 dimension 0,M1 dimension 0,M2 dimension 0,M0 dimension 1,M1 dimension 1,M1 dimension 2
Motivational state 0,0.0,1.114709008724427,1.8997915762414062,0.0,0.06657630348394505,0.10755801388405617
Motivational state 1,1.114709008724427,0.0,0.7850825675169792,0.06657630348394505,0.0,0.10755801388405617
Motivational state 2,1.8997915762414062,0.7850825675169792,0.0,0.10755801388405617,0.10755801388405617,0.0
