,M0 dimension 0,M1 dimension 0,M2 dimension 0,M0 dimension 1,M1 dimension 1,M1 dimension 2
Motivational state 0,0.0,17.464506644919815,18.326054664498088,0.0,0.1315056553708489,0.1315056553708489
Motivational state 1,17.464506644919815,0.0,7.450852180379572,0.1315056553708489,0.0,0.0933815538354974
Motivational state 2,18.326054664498088,7.450852180379572,0.0,0.1315056553708489,0.0933815538354974,0.0
