,Clean Channels,N. trials,M0,M1,M2,captured variance after PCA,N. trials w/o Outliers ,M0 w/o Outliers ,M1 w/o Outliers ,M2 w/o Outliers ,test size
gamma1,36.0,432.0,216.0,108.0,108.0,0.7872784336979308,415.0,209.0,103.0,103.0,20.6
gamma2,36.0,648.0,216.0,108.0,324.0,0.8995066570790077,619.0,207.0,100.0,312.0,20.0
beta1,36.0,432.0,216.0,108.0,108.0,0.7103747744450153,418.0,210.0,104.0,104.0,20.8
beta2,36.0,648.0,216.0,108.0,324.0,0.9373385294519397,618.0,201.0,107.0,310.0,21.400000000000002
alpha1,36.0,432.0,216.0,108.0,108.0,0.6300395649391323,418.0,212.0,104.0,102.0,20.400000000000002
alpha2,36.0,648.0,216.0,108.0,324.0,0.9525812934413137,617.0,201.0,108.0,308.0,21.6
noFilter1,36.0,432.0,216.0,108.0,108.0,0.7290402451444881,424.0,212.0,106.0,106.0,21.200000000000003
noFilter2,36.0,648.0,216.0,108.0,324.0,0.8148479245911922,636.0,213.0,104.0,319.0,20.8
