,dimension 0,dimension 1
Landscapes,0.8638655462184875,0.6714285714285715
Silhouettes,0.0,0.6613445378151261
Descriptors,0.0,0.6613445378151261
Bottleneck,0.0,0.09327731092436975
