,Avg. life dim0,Avg. life dim1,std lifelife dim0,stdlife dim1,Avg. midlife dim0,Avg. midlife dim1,std midlifelife dim0,stdmidlife dim1
Motivational state 0,1.1006403059851766,0.01912072551280173,2.263577100728827,0.06067684471913704,0.5503201529925883,0.8914141963314756,1.1317885503644134,0.6302382913474006
Motivational state 1,1.3276427603131657,0.01859562789432904,2.3797419850903814,0.03950861234407932,0.6638213801565829,1.1745587752101416,1.1898709925451907,0.7394465477521777
Motivational state 2,1.4534966165321834,0.024295138332018747,1.2319848300326592,0.0359185586479053,0.7267483082660917,1.3641546530062088,0.6159924150163296,0.8161953763655468
