,M0 dimension 0,M1 dimension 0,M2 dimension 0,M0 dimension 1,M1 dimension 1,M1 dimension 2
alpha Motivational state 0,0.0,15.295789058618197,109.23186370513287,0.0,0.7699270553791102,0.7699270553791102
alpha Motivational state 1,15.295789058618197,0.0,124.03525464166876,0.7699270553791102,0.0,0.4491217163927068
alpha Motivational state 2,109.23186370513287,124.03525464166876,0.0,0.7699270553791102,0.4491217163927068,0.0
betta Motivational state 0,0.0,8.972512167215896,16.372902023480144,0.0,0.20257874101643836,0.20257874101643836
betta Motivational state 1,8.972512167215896,0.0,11.692664199889983,0.20257874101643836,0.0,0.030031448956241658
betta Motivational state 2,16.372902023480144,11.692664199889983,0.0,0.20257874101643836,0.030031448956241658,0.0
gamma Motivational state 0,0.0,73.81240282999832,93.41109223728628,0.0,1.1636134973423253,1.1636134973423253
gamma Motivational state 1,73.81240282999832,0.0,29.736857984060975,1.1636134973423253,0.0,0.02779510613115299
gamma Motivational state 2,93.41109223728628,29.736857984060975,0.0,1.1636134973423253,0.02779510613115299,0.0
