,M0 dimension 0,M1 dimension 0,M2 dimension 0,M0 dimension 1,M1 dimension 1,M1 dimension 2
alpha Motivational state 0,0.0,1.506300374301171,0.25626366424874214,0.0,0.17165012678538893,0.05242747211127985
alpha Motivational state 1,1.506300374301171,0.0,1.506300374301171,0.17165012678538893,0.0,0.17165012678538893
alpha Motivational state 2,0.25626366424874214,1.506300374301171,0.0,0.05242747211127985,0.17165012678538893,0.0
betta Motivational state 0,0.0,2.6264590275625324,0.2256651643903178,0.0,0.21146197912944587,0.05334471971856947
betta Motivational state 1,2.6264590275625324,0.0,2.6264590275625324,0.21146197912944587,0.0,0.21146197912944587
betta Motivational state 2,0.2256651643903178,2.6264590275625324,0.0,0.05334471971856947,0.21146197912944587,0.0
gamma Motivational state 0,0.0,5.879152051003825,0.912500419374191,0.0,0.22997380312094684,0.0792358111300775
gamma Motivational state 1,5.879152051003825,0.0,5.879152051003825,0.22997380312094684,0.0,0.22997380312094684
gamma Motivational state 2,0.912500419374191,5.879152051003825,0.0,0.0792358111300775,0.22997380312094684,0.0
