,Avg. life dim0,Avg. life dim1,Avg. midlife dim0,Avg. midlife dim1
Motivational state 0,1.1006403059851766,0.01912072551280173,0.5503201529925883,0.8914141963314756
Motivational state 1,1.3276427603131657,0.01859562789432904,0.6638213801565829,1.1745587752101416
Motivational state 2,1.4534966165321834,0.024295138332018747,0.7267483082660917,1.3641546530062088
