,Avg. life dim0,Avg. life dim1,std lifedim0,stdlife dim1,Avg. midlife dim0,Avg. midlife dim1,std midlifedim0,stdmidlife dim1
alpha Motivational state 0,7.487310070408449,0.06933077481618294,11.866413527626088,0.20320403001826998,3.7436550352042244,5.388441369917354,5.933206763813044,4.114826588581642
alpha Motivational state 1,10.931489244817646,0.113440163188082,13.120525329961609,0.25500000427433556,5.465744622408823,6.602187017075348,6.5602626649808045,5.719402536461836
alpha Motivational state 2,15.51700903189972,0.0651097200761301,9.786341474384956,0.05588705849530679,7.75850451594986,15.293300545790606,4.893170737192478,5.071848733620794
betta Motivational state 0,6.322214840252752,0.036227064108601464,4.005325860770463,0.059682451147910286,3.161107420126376,3.7709030779336548,2.0026629303852315,2.9237450982462487
betta Motivational state 1,9.98936176944283,0.02372436139348899,6.169566568494207,0.020335217096229676,4.994680884721415,3.815195868118098,3.0847832842471035,0.0741560455128768
betta Motivational state 2,15.412682447292632,,8.382914348743858,,7.706341223646316,,4.191457174371929,
gamma Motivational state 0,6.705042238161967,0.09139811946793751,9.656137366933091,0.36451751132294075,3.3525211190809836,5.25181086988208,4.828068683466546,4.672659861628088
gamma Motivational state 1,9.938619122827328,0.021754708104022538,7.907929721441069,0.01780816271109531,4.969309561413664,3.2905438340310487,3.9539648607205344,0.02871874748812493
gamma Motivational state 2,14.609795871619983,0.03257650350708552,8.702742878077329,0.009926301024331785,7.304897935809992,6.195912159111266,4.351371439038664,0.002495435390168055
