,Avg. life dim0,Avg. life dim1,std lifedim0,stdlife dim1,Avg. midlife dim0,Avg. midlife dim1,std midlifedim0,stdmidlife dim1
alpha Motivational state 0,0.37306057761924744,0.023405957285236482,0.11423857942747036,0.021540960800815332,0.18653028880962372,0.4560909822165847,0.05711928971373518,0.11488888156594906
alpha Motivational state 1,1.783423179639079,0.1011982230921467,0.4949820300400687,0.09473634934114437,0.8917115898195395,2.195892053078363,0.24749101502003434,0.3897312643191684
alpha Motivational state 2,0.4633479495549027,0.027420008786888155,0.15607451648409063,0.023881277556061592,0.23167397477745136,0.5478048469559152,0.07803725824204531,0.14750942736999895
betta Motivational state 0,0.7042856799255972,0.017373008181768235,0.32368555023615914,0.016846100360262135,0.3521428399627986,0.7431704864362688,0.16184277511807957,0.22970007002285608
betta Motivational state 1,2.8880545546916285,0.15814988614509606,0.8795073701791564,0.12218225251318103,1.4440272773458143,3.489883257598548,0.4397536850895782,0.542989048736404
betta Motivational state 2,0.810930969195884,0.043125754962885156,0.27769729895959605,0.03130759003334333,0.405465484597942,0.8701448617720162,0.13884864947979803,0.15923164158103142
gamma Motivational state 0,1.4855762085812128,0.06087839635104838,1.0898620446941474,0.06900894663394001,0.7427881042906064,1.1128282783583563,0.5449310223470737,0.45825396034356325
gamma Motivational state 1,4.635983611663015,0.22408347572737125,1.9229838878643208,0.1335051145570764,2.3179918058315074,4.555310823342724,0.9614919439321604,0.7887883755013011
gamma Motivational state 2,1.6280604478445062,0.04742048643689667,1.0798154655114958,0.04364152270157973,0.8140302239222531,1.286095457998372,0.5399077327557479,0.05361241004079942
