,dimension 0,dimension 1
Landscapes,47.333333333333336,35.0
Silhouettes,0.0,33.333333333333336
Descriptors,0.0,33.333333333333336
Bottleneck,0.0,0.0
