,dimension 0,dimension 1
Landscapes,0.9136363636363637,0.48977272727272736
Silhouettes,0.0,0.475
Descriptors,0.0,0.475
Bottleneck,0.0,0.0
