,dimension 0,dimension 1
Landscapes,0.9523809523809523,0.3587301587301587
Silhouettes,0.0,0.31666666666666665
Descriptors,0.0,0.31666666666666665
Bottleneck,0.0,1.0
