,dimension 0,dimension 1
Landscapes,0.9061538461538463,0.37230769230769234
Silhouettes,0.0,0.36769230769230765
Descriptors,0.0,0.36769230769230765
Bottleneck,0.0,0.08153846153846153
