,M0 dimension 0,M1 dimension 0,M2 dimension 0,M0 dimension 1,M1 dimension 1,M1 dimension 2
Motivational state 0,0.0,1.0865850458680768,0.6991408534263233,0.0,0.034875174230039496,0.059402995890540655
Motivational state 1,1.0865850458680768,0.0,0.7222083178300549,0.034875174230039496,0.0,0.059402995890540655
Motivational state 2,0.6991408534263233,0.7222083178300549,0.0,0.059402995890540655,0.059402995890540655,0.0
