,M0 dimension 0,M1 dimension 0,M2 dimension 0,M0 dimension 1,M1 dimension 1,M1 dimension 2
Motivational state 0,0.0,0.7099348248089803,0.9015079678460096,0.0,0.07054382372632806,0.15870482300115185
Motivational state 1,0.7099348248089803,0.0,1.1702734391650562,0.07054382372632806,0.0,0.15870482300115185
Motivational state 2,0.9015079678460096,1.1702734391650562,0.0,0.15870482300115185,0.15870482300115185,0.0
