,dimension 0,dimension 1
Landscapes,0.75748031496063,0.6653543307086613
Silhouettes,0.0,0.6582677165354329
Descriptors,0.0,0.6582677165354329
Bottleneck,0.0,0.9984251968503937
